SYMBOL,SERIES,CLOSE,LAST,ISIN
20MICRONS,EQ,82.85,82.7,INE144J01027
21STCENMGM,EQ,20.35,20.35,INE253B01015
360ONE,EQ,428.15,427,INE466L01038
3IINFOLTD,EQ,33,33,INE748C01038
3MINDIA,EQ,22861.6,22920.05,INE470A01017
3PLAND,EQ,24.25,24.15,INE105C01023
5PAISA,EQ,294.15,295.9,INE618L01018
63MOONS,EQ,172.55,172,INE111B01023
A2ZINFRA,EQ,7.15,7.3,INE619I01012
AAATECH,EQ,54.15,55.5,INE0D0U01013
AAKASH,EQ,6.6,6.65,INE087Z01024
AAREYDRUGS,EQ,26.25,26.25,INE198H01019
AARON,EQ,197.8,196,INE721Z01010
AARTIDRUGS,EQ,415.95,413.65,INE767A01016
AARTIIND,EQ,547.25,546.75,INE769A01020
AARTIPHARM,EQ,319,323.95,INE0LRU01027
AARTISURF,EQ,578.15,580.9,INE09EO01013
AARVEEDEN,EQ,22.95,23,INE273D01019
AARVI,EQ,130.85,131.4,INE754X01016
AAVAS,EQ,1792.45,1781,INE216P01012
ABAN,EQ,37.4,37.5,INE421A01028
ABB,EQ,3230,3223.2,INE117A01022
ABBOTINDIA,EQ,22493.7,22500,INE358A01014
ABCAPITAL,EQ,157.7,157.65,INE674K01013
ABFRL,EQ,226.75,226.5,INE647O01011
ABSLAMC,EQ,336.85,336.65,INE404A01024
ABSLBANETF,EQ,42.06,42.1,INF209KB17D5
ABSLLIQUID,EQ,999.99,999.99,INF209KB18T9
ABSLNN50ET,EQ,39.63,39.6,INF209KB16D7
ACC,EQ,1767.55,1767.85,INE012A01025
ACCELYA,EQ,1343.4,1335.3,INE793A01012
ACCURACY,EQ,16.45,16.55,INE648Z01023
ACE,EQ,401.75,402.1,INE731H01025
ACI,EQ,583.4,582,INE128X01021
ADANIENT,EQ,1870.75,1869.5,INE423A01024
ADANIGREEN,EQ,941.15,941.4,INE364U01010
ADANIPORTS,EQ,661.65,661.1,INE742F01042
ADANIPOWER,EQ,189.15,188.9,INE814H01011
ADANITRANS,EQ,1030.85,1034,INE931S01010
ADFFOODS,EQ,727.1,725.55,INE982B01019
ADORWELD,EQ,981.95,983.9,INE045A01017
ADROITINFO,EQ,24.35,24.2,INE737B01033
ADSL,EQ,84.4,84.2,INE102I01027
ADVANIHOTR,EQ,76,76,INE199C01026
ADVENZYMES,EQ,261.55,261.6,INE837H01020
AEGISCHEM,EQ,386.95,385.1,INE208C01025
AETHER,EQ,922.6,921,INE0BWX01014
AFFLE,EQ,939.9,940,INE00WC01027
AGARIND,EQ,596.45,600,INE204E01012
AGI,EQ,376.1,375.05,INE415A01038
AGRITECH,EQ,94.25,95.25,INE449G01018
AGROPHOS,EQ,37.8,37.7,INE740V01019
AGSTRA,EQ,50.6,50.5,INE583L01014
AHL,EQ,223.95,222.75,INE00ZE01026
AHLADA,EQ,100.4,101,INE00PV01013
AHLEAST,EQ,116.6,116.5,INE926K01017
AHLUCONT,EQ,516.15,516.55,INE758C01029
AIAENG,EQ,2882.55,2873,INE212H01026
AIRAN,EQ,15.15,15.25,INE645W01026
AIROLAM,EQ,74.1,75,INE801L01010
AJANTPHARM,EQ,1254.9,1256.7,INE031B01049
AJMERA,EQ,302.7,302,INE298G01027
AJOONI,EQ,5,5,INE820Y01021
AKASH,EQ,27.25,27.1,INE737W01013
AKG,EQ,32,32.25,INE00Y801016
AKI,EQ,103.85,103.75,INE642Z01018
AKSHARCHEM,EQ,231.85,232,INE542B01011
AKSHOPTFBR,EQ,9.3,9.4,INE523B01011
AKZOINDIA,EQ,2303.85,2308.7,INE133A01011
ALANKIT,EQ,8.55,8.5,INE914E01040
ALBERTDAVD,EQ,572.6,571.25,INE155C01010
ALEMBICLTD,EQ,61.4,61.35,INE426A01027
ALICON,EQ,788.55,790.3,INE062D01024
ALKALI,EQ,108,109,INE773I01017
ALKEM,EQ,3345.05,3343.95,INE540L01014
ALKYLAMINE,EQ,2426.7,2420,INE150B01039
ALLCARGO,EQ,345.9,346.2,INE418H01029
ALLSEC,EQ,481.7,475.1,INE835G01018
ALMONDZ,EQ,67.55,71.9,INE326B01027
ALOKINDS,EQ,12.95,12.9,INE270A01029
ALPA,EQ,59.55,60.3,INE385I01010
ALPHAGEO,EQ,224.5,224,INE137C01018
ALPSINDUS,EQ,1.2,1.2,INE093B01015
AMARAJABAT,EQ,570.7,569,INE885A01032
AMBER,EQ,1865.4,1863.95,INE371P01015
AMBICAAGAR,EQ,20.25,20.35,INE792B01012
AMBIKCO,EQ,1535.4,1538,INE540G01014
AMBUJACEM,EQ,392.65,391.2,INE079A01024
AMDIND,EQ,53.05,53.1,INE005I01014
AMIORG,EQ,983.4,980.4,INE00FF01017
AMJLAND,EQ,22.75,22.65,INE606A01024
AMRUTANJAN,EQ,602.55,598,INE098F01031
ANANDRATHI,EQ,851.85,850,INE463V01026
ANANTRAJ,EQ,141.65,141.95,INE242C01024
ANDHRAPAP,EQ,457.25,458.65,INE435A01028
ANDHRSUGAR,EQ,116.1,116.35,INE715B01021
ANDREWYU,EQ,21.4,21.5,INE449C01025
ANGELONE,EQ,1263.7,1265,INE732I01013
ANIKINDS,EQ,32.4,32.8,INE087B01017
ANKITMETAL,EQ,4.65,4.65,INE106I01010
ANMOL,EQ,206.75,206,INE02AR01019
ANTGRAPHIC,EQ,0.75,0.75,INE414B01021
ANUP,EQ,1047.9,1048.9,INE294Z01018
ANURAS,EQ,989.05,992,INE930P01018
APARINDS,EQ,2772.8,2764.95,INE372A01015
APCL,EQ,176.35,177,INE071F01012
APCOTEXIND,EQ,516.25,518,INE116A01032
APEX,EQ,199.15,199.7,INE346W01013
APLAPOLLO,EQ,1189.95,1192,INE702C01027
APLLTD,EQ,525.05,525,INE901L01018
APOLLO,EQ,322.6,322,INE713T01010
APOLLOHOSP,EQ,4398.3,4404.95,INE437A01024
APOLLOPIPE,EQ,583,590,INE126J01016
APOLLOTYRE,EQ,324.15,323.25,INE438A01022
APOLSINHOT,EQ,1125.35,1130,INE451F01024
APTECHT,EQ,415.35,416.5,INE266F01018
APTUS,EQ,251.75,251.9,INE852O01025
ARCHIDPLY,EQ,61.4,62.45,INE877I01016
ARCHIES,EQ,20.45,20.85,INE731A01020
ARENTERP,EQ,34,34,INE610C01014
ARIES,EQ,168.15,168.7,INE298I01015
ARIHANTCAP,EQ,40.15,40,INE420B01036
ARIHANTSUP,EQ,217.35,218.2,INE643K01018
ARMANFIN,EQ,1468.85,1480,INE109C01017
AROGRANITE,EQ,38.6,38.25,INE210C01013
ARROWGREEN,EQ,277.8,277.8,INE570D01018
ARSHIYA,EQ,6,5.95,INE968D01022
ARTEMISMED,EQ,73.2,72.95,INE025R01021
ARTNIRMAN,EQ,53.75,54.55,INE738V01013
ARVEE,EQ,124.85,124.85,INE006Z01016
ARVIND,EQ,98.2,98.25,INE034A01011
ARVINDFASN,EQ,283,284,INE955V01021
ARVSMART,EQ,300.75,302.7,INE034S01021
ASAHIINDIA,EQ,474.6,475,INE439A01020
ASAHISONG,EQ,216.75,216.85,INE228I01012
ASAL,EQ,319.45,319,INE900C01027
ASALCBR,EQ,375.2,372.05,INE073G01016
ASHAPURMIN,EQ,133.8,133.8,INE348A01023
ASHIANA,EQ,175.1,173.6,INE365D01021
ASHIMASYN,EQ,13.75,13.65,INE440A01010
ASHOKA,EQ,84.45,84.2,INE442H01029
ASHOKLEY,EQ,138,137.9,INE208A01029
ASIANPAINT,EQ,2809.75,2812,INE021A01026
ASIANTILES,EQ,40.6,40.65,INE022I01019
ASPINWALL,EQ,205.3,209,INE991I01015
ASTEC,EQ,1359.9,1350,INE563J01010
ASTERDM,EQ,249.05,248.7,INE914M01019
ASTRAL,EQ,1449.35,1443,INE006I01046
ASTRAMICRO,EQ,261.2,261.2,INE386C01029
ASTRAZEN,EQ,3217.4,3200,INE203A01020
ASTRON,EQ,22.85,22.6,INE646X01014
ATFL,EQ,830.05,833,INE209A01019
ATGL,EQ,914.15,913.25,INE399L01023
ATLANTA,EQ,16.35,16.35,INE285H01022
ATUL,EQ,7063,7095,INE100A01010
ATULAUTO,EQ,412.75,415,INE951D01028
AUBANK,EQ,679.2,676.3,INE949L01017
AURIONPRO,EQ,337.75,335.4,INE132H01018
AUROPHARMA,EQ,565.95,565.3,INE406A01037
AURUM,EQ,107.45,107,INE898S01029
AUSOMENT,EQ,58.3,58,INE218C01016
AUTOAXLES,EQ,2443.7,2449.95,INE449A01011
AUTOBEES,EQ,130.42,130.16,INF204KC1337
AUTOIND,EQ,72.4,72.1,INE718H01014
AVADHSUGAR,EQ,470.9,470,INE349W01017
AVANTIFEED,EQ,362.1,361,INE871C01038
AVONMORE,EQ,65.75,65.5,INE323B01016
AVROIND,EQ,121.2,122,INE652Z01017
AVTNPL,EQ,85,85,INE488D01021
AWHCL,EQ,262.3,263.05,INE01BK01022
AWL,EQ,410.5,410.3,INE699H01024
AXISBANK,EQ,864.35,864,INE238A01034
AXISBNKETF,EQ,423.71,423.63,INF846K01X63
AXISBPSETF,EQ,10.9,10.89,INF846K01Z04
AXISCADES,EQ,307.6,307.1,INE555B01013
AXISCETF,EQ,73.95,73.95,INF846K016C7
AXISGOLD,EQ,52.11,51.92,INF846K01W80
AXISHCETF,EQ,79.76,80,INF846K01Z12
AXISILVER,EQ,77.35,77.61,INF846K011K1
AXISNIFTY,EQ,189.77,195,INF846K01W98
AXISTECETF,EQ,293.94,294.5,INF846K01Y96
AXITA,EQ,67.65,67.75,INE02EZ01022
AXSENSEX,EQ,60.08,60.08,INF846K010Q0
AYMSYNTEX,EQ,70.85,71.8,INE193B01039
BAGFILMS,EQ,4.4,4.4,INE116D01028
BAIDFIN,EQ,35.7,35,INE020D01022
BAJAJ-AUTO,EQ,4288.35,4290,INE917I01010
BAJAJCON,EQ,157.2,157,INE933K01021
BAJAJELEC,EQ,1044.9,1046.5,INE193E01025
BAJAJFINSV,EQ,1341.3,1338.5,INE918I01026
BAJAJHCARE,EQ,330.15,331.05,INE411U01027
BAJAJHIND,EQ,13.8,13.85,INE306A01021
BAJAJHLDNG,EQ,5949.45,5952.95,INE118A01012
BAJFINANCE,EQ,5904.45,5901.5,INE296A01024
BALAJITELE,EQ,39.7,39.75,INE794B01026
BALAMINES,EQ,2494.35,2485,INE050E01027
BALAXI,EQ,546.6,545,INE618N01014
BALKRISHNA,EQ,28,28.5,INE875R01011
BALKRISIND,EQ,2069.75,2066.7,INE787D01026
BALMLAWRIE,EQ,113.25,113,INE164A01016
BALPHARMA,EQ,71.6,71.45,INE083D01012
BALRAMCHIN,EQ,403.95,403.3,INE119A01028
BANARBEADS,EQ,79,79,INE655B01011
BANARISUG,EQ,2926.5,2939.95,INE459A01010
BANCOINDIA,EQ,224.85,225,INE213C01025
BANDHANBNK,EQ,205,204.95,INE545U01014
BANG,EQ,38.75,38.9,INE863I01016
BANKA,EQ,71.3,71.2,INE862Y01015
BANKBARODA,EQ,171.4,171.4,INE028A01039
BANKBEES,EQ,425.4,425.46,INF204KB15I9
BANKINDIA,EQ,77.05,77.65,INE084A01016
BANSWRAS,EQ,133.95,133.1,INE629D01020
BARBEQUE,EQ,645.3,647.35,INE382M01027
BASF,EQ,2394.95,2399.95,INE373A01013
BASML,EQ,42.55,42.65,INE186H01022
BATAINDIA,EQ,1400.45,1409.4,INE176A01028
BAYERCROP,EQ,4115.25,4119.25,INE462A01022
BBETF0432,EQ,1056.75,1056.75,INF754K01OB1
BBL,EQ,2686.55,2693.8,INE464A01028
BBOX,EQ,124.7,123.35,INE676A01027
BBTC,EQ,878.15,882.2,INE050A01025
BBTCL,EQ,227.2,226.1,INE01EE01011
BCG,EQ,15.45,15.45,INE425B01027
BCLIND,EQ,432.3,433,INE412G01016
BCONCEPTS,EQ,211.65,213,INE977Y01011
BCP,EQ,4.1,4.15,INE905P01028
BDL,EQ,988.35,988,INE171Z01018
BEARDSELL,EQ,22.75,22.8,INE520H01022
BECTORFOOD,EQ,573.45,571.35,INE495P01012
BEDMUTHA,EQ,56.75,56.5,INE844K01012
BEL,EQ,100.9,100.65,INE263A01024
BEML,EQ,1222.85,1224,INE258A01016
BEPL,EQ,104.5,104.85,INE922A01025
BERGEPAINT,EQ,578.6,578,INE463A01038
BESTAGRO,EQ,1084.55,1084.15,INE052T01013
BFINVEST,EQ,439.5,437.2,INE878K01010
BFUTILITIE,EQ,329.8,329.4,INE243D01012
BGRENERGY,EQ,51.55,51.4,INE661I01014
BHAGCHEM,EQ,1374.25,1375,INE414D01019
BHAGERIA,EQ,136.15,136,INE354C01027
BHAGYANGR,EQ,47.9,47.55,INE458B01036
BHANDARI,EQ,4.75,4.75,INE474E01029
BHARATFORG,EQ,764.45,764.9,INE465A01025
BHARATGEAR,EQ,116.6,116.25,INE561C01019
BHARATRAS,EQ,9509.85,9525,INE838B01013
BHARATWIRE,EQ,149,148.8,INE316L01019
BHARTIARTL,EQ,767.05,767.85,INE397D01024
BHEL,EQ,71.8,71.8,INE257A01026
BIGBLOC,EQ,132.25,131.8,INE412U01025
BIKAJI,EQ,357.25,357.8,INE00E101023
BIL,EQ,181.5,185,INE828A01016
BINANIIND,EQ,21,21,INE071A01013
BINDALAGRO,EQ,21.35,21.2,INE143A01010
BIOCON,EQ,224.1,224,INE376G01013
BIOFILCHEM,EQ,44.55,44.7,INE829A01014
BIRLACABLE,EQ,131.45,131.1,INE800A01015
BIRLACORPN,EQ,931.85,932.5,INE340A01012
BIRLAMONEY,EQ,48.35,48.4,INE865C01022
BLBLIMITED,EQ,22.85,22.8,INE791A01024
BLISSGVS,EQ,74.4,74.15,INE416D01022
BLKASHYAP,EQ,35.85,35.5,INE350H01032
BLS,EQ,172.8,173.15,INE153T01027
BLUEDART,EQ,6104,6060,INE233B01017
BLUESTARCO,EQ,1473.85,1474,INE472A01039
BODALCHEM,EQ,65.45,65.3,INE338D01028
BOHRAIND,EQ,91.05,91.05,INE802W01023
BOMDYEING,EQ,78,77.6,INE032A01023
BOROLTD,EQ,373.15,373,INE02PY01013
BORORENEW,EQ,441.3,444,INE666D01022
BOSCHLTD,EQ,18907.05,18915,INE323A01026
BPCL,EQ,332.25,332.35,INE029A01011
BPL,EQ,62.4,61.25,INE110A01019
BRIGADE,EQ,481.55,481.7,INE791I01019
BRITANNIA,EQ,4264.2,4255,INE216A01030
BRNL,EQ,28.55,28.45,INE727S01012
BROOKS,EQ,68,68.7,INE650L01011
BSE,EQ,459.25,459.8,INE118H01025
BSL,EQ,176.45,175,INE594B01012
BSLGOLDETF,EQ,54.8,54.9,INF209KB18D3
BSLNIFTY,EQ,20.04,20.05,INF209KB19D1
BSLSENETFG,EQ,58.53,59.15,INF209KB10E8
BSOFT,EQ,263.1,263.55,INE836A01035
BTML,EQ,198.1,199,INE0EEJ01015
BURNPUR,EQ,5.2,5.25,INE817H01014
BUTTERFLY,EQ,1176.4,1185.8,INE295F01017
BVCL,EQ,29.3,29.7,INE139I01011
BYKE,EQ,38.8,38.85,INE319B01014
CALSOFT,EQ,13.5,13.4,INE526B01014
CAMLINFINE,EQ,152.15,152.4,INE052I01032
CAMPUS,EQ,338.7,337.5,INE278Y01022
CAMS,EQ,2138,2141,INE596I01012
CANBK,EQ,291.25,290.8,INE476A01014
CANFINHOME,EQ,566.75,567.9,INE477A01020
CANTABIL,EQ,879.35,878,INE068L01016
CAPACITE,EQ,130.35,130.6,INE264T01014
CAPLIPOINT,EQ,628.45,629.5,INE475E01026
CAPTRUST,EQ,68.3,68.5,INE707C01018
CARBORUNIV,EQ,986.85,986.6,INE120A01034
CAREERP,EQ,239.15,236.2,INE521J01018
CARERATING,EQ,652.55,654,INE752H01013
CARTRADE,EQ,396.15,395.3,INE290S01011
CARYSIL,EQ,597.55,599.25,INE482D01024
CASTROLIND,EQ,113.5,113.5,INE172A01027
CCHHL,EQ,7.9,7.8,INE652F01027
CCL,EQ,560.5,560.7,INE421D01022
CDSL,EQ,999.6,1000,INE736A01011
CEATLTD,EQ,1432.3,1434.75,INE482A01020
CELEBRITY,EQ,14.35,14.3,INE185H01016
CENTENKA,EQ,362.2,362,INE485A01015
CENTEXT,EQ,9.15,9.2,INE281A01026
CENTRALBK,EQ,25.6,25.75,INE483A01010
CENTRUM,EQ,18.3,18.35,INE660C01027
CENTUM,EQ,725.4,720.3,INE320B01020
CENTURYPLY,EQ,504,502,INE348B01021
CENTURYTEX,EQ,667.2,663.4,INE055A01016
CERA,EQ,6497.25,6475,INE739E01017
CEREBRAINT,EQ,7.75,7.75,INE345B01019
CESC,EQ,68.25,68.25,INE486A01021
CGCL,EQ,609.85,610,INE180C01026
CGPOWER,EQ,298,296.5,INE067A01029
CHALET,EQ,361.15,361.55,INE427F01016
CHAMBLFERT,EQ,289.55,289,INE085A01013
CHEMBOND,EQ,287.55,288,INE995D01025
CHEMCON,EQ,261.9,263,INE03YM01018
CHEMFAB,EQ,296.45,295,INE783X01023
CHEMPLASTS,EQ,409.1,409.7,INE488A01050
CHENNPETRO,EQ,255.3,255.15,INE178A01016
CHEVIOT,EQ,1073.2,1073,INE974B01016
CHOICEIN,EQ,307.05,305,INE102B01014
CHOLAFIN,EQ,820.95,820.85,INE121A01024
CHOLAHLDNG,EQ,601.2,604,INE149A01033
CIGNITITEC,EQ,820.2,825.7,INE675C01017
CINELINE,EQ,98.95,98.75,INE704H01022
CINEVISTA,EQ,12.15,12.2,INE039B01026
CIPLA,EQ,915.75,914.7,INE059A01026
CLEAN,EQ,1462,1464,INE227W01023
CLEDUCATE,EQ,53.55,53.45,INE201M01029
CLSEL,EQ,171.85,172.1,INE419D01026
CMICABLES,EQ,12.75,12.75,INE981B01011
CMSINFO,EQ,289.95,292,INE925R01014
COALINDIA,EQ,225.5,225.4,INE522F01014
COASTCORP,EQ,192.5,192.25,INE377E01016
COCHINSHIP,EQ,486.55,487.6,INE704P01017
COFFEEDAY,EQ,32.95,33.1,INE335K01011
COFORGE,EQ,4028.7,4023,INE591G01017
COLPAL,EQ,1549.4,1548,INE259A01022
COMPINFO,EQ,14.1,14.15,INE070C01037
COMPUSOFT,EQ,18.25,18.05,INE453B01029
CONCOR,EQ,604.65,604.4,INE111A01025
CONFIPET,EQ,61.25,61.5,INE552D01024
CONSOFINVT,EQ,105.55,107,INE025A01027
CONSUMBEES,EQ,80.02,80.2,INF204KA1LD7
CONTROLPR,EQ,545.95,548,INE663B01015
CORALFINAC,EQ,31.35,31.25,INE558D01021
CORDSCABLE,EQ,67.15,67,INE792I01017
COROMANDEL,EQ,927.25,929.55,INE169A01031
COSMOFIRST,EQ,619.15,620,INE757A01017
COUNCODOS,EQ,4,4,INE695B01025
CPSEETF,EQ,40.84,40.9,INF457M01133
CRAFTSMAN,EQ,3097.1,3100,INE00LO01017
CREATIVE,EQ,427.1,430,INE985W01018
CREDITACC,EQ,954.95,955.85,INE741K01010
CREST,EQ,155.35,155,INE559D01011
CRISIL,EQ,3500.85,3500,INE007A01025
CROMPTON,EQ,295.4,296.8,INE299U01018
CROWN,EQ,40.35,40.4,INE491V01019
CSBBANK,EQ,269.05,268.2,INE679A01013
CSLFINANCE,EQ,209.4,209,INE718F01018
CTE,EQ,50.55,50.4,INE627H01017
CUB,EQ,126,126.45,INE491A01021
CUBEXTUB,EQ,33.45,33.25,INE144D01012
CUMMINSIND,EQ,1548.7,1541.3,INE298A01020
CUPID,EQ,266.4,266,INE509F01011
CYBERMEDIA,EQ,15.9,16,INE278G01037
CYBERTECH,EQ,122.15,121,INE214A01019
CYIENT,EQ,1069.75,1070,INE136B01020
DAAWAT,EQ,97.55,98.05,INE818H01020
DABUR,EQ,527.15,527.6,INE016A01026
DALBHARAT,EQ,2000.75,2008.8,INE00R701025
DALMIASUG,EQ,357.75,355,INE495A01022
DAMODARIND,EQ,41.9,41.7,INE497D01022
DANGEE,EQ,14.8,14.75,INE688Y01022
DATAMATICS,EQ,301.45,302.75,INE365B01017
DATAPATTNS,EQ,1667.2,1660,INE0IX101010
DBCORP,EQ,105.45,105.1,INE950I01011
DBL,EQ,178.25,177.6,INE917M01012
DBOL,EQ,151.35,150.8,INE0I3401014
DBREALTY,EQ,86.7,87.05,INE879I01012
DBSTOCKBRO,EQ,23.8,24.35,INE921B01025
DCAL,EQ,136.45,135.55,INE385W01011
DCBBANK,EQ,101,101.25,INE503A01015
DCI,EQ,128.45,129.55,INE0A1101019
DCM,EQ,71.55,72.2,INE498A01018
DCMFINSERV,EQ,4.85,4.85,INE891B01012
DCMNVL,EQ,164.05,165,INE08KP01019
DCMSHRIRAM,EQ,846.5,845.1,INE499A01024
DCMSRIND,EQ,68.7,69,INE843D01027
DCW,EQ,45.95,45.85,INE500A01029
DCXINDIA,EQ,171.75,171.45,INE0KL801015
DECCANCE,EQ,446.65,447,INE583C01021
DEEPAKFERT,EQ,641.8,643.7,INE501A01019
DEEPAKNTR,EQ,1871.6,1871.9,INE288B01029
DEEPENR,EQ,108.85,108.8,INE677H01012
DEEPINDS,EQ,143.9,143.8,INE0FHS01024
DELHIVERY,EQ,325,325.1,INE148O01028
DELPHIFX,EQ,321.1,320,INE726L01019
DELTACORP,EQ,190.25,190.8,INE124G01033
DELTAMAGNT,EQ,76.75,77.8,INE393A01011
DEN,EQ,28.95,29,INE947J01015
DENORA,EQ,1056.05,1067,INE244A01016
DEVIT,EQ,98.75,100.8,INE060X01026
DEVYANI,EQ,156.2,156.9,INE872J01023
DGCONTENT,EQ,14.6,14.95,INE03JI01017
DHAMPURSUG,EQ,240.35,240.7,INE041A01016
DHANBANK,EQ,16.15,16.2,INE680A01011
DHANI,EQ,37.95,37.8,INE274G01010
DHANUKA,EQ,640,639,INE435G01025
DHARMAJ,EQ,164.5,164,INE00OQ01016
DHRUV,EQ,49.45,49.3,INE506Z01015
DHUNINV,EQ,631.75,635,INE320L01011
DIAMONDYD,EQ,735.3,725.6,INE393P01035
DICIND,EQ,393.75,392.15,INE303A01010
DIGISPICE,EQ,20.05,20,INE927C01020
DIL,EQ,17.2,17.25,INE411Y01011
DISHTV,EQ,13.4,13.45,INE836F01026
DIVGIITTS,EQ,673.9,670,INE753U01022
DIVISLAB,EQ,3183.95,3170.05,INE361B01024
DIVOPPBEES,EQ,49.15,49.22,INF204KA1MS3
DIXON,EQ,2982.55,2980,INE935N01020
DJML,EQ,145.55,145.95,INE0B1K01014
DLF,EQ,413.15,410.9,INE271C01023
DLINKINDIA,EQ,254.65,253.5,INE250K01012
DMART,EQ,3501.05,3497,INE192R01011
DMCC,EQ,260.55,260,INE505A01010
DNAMEDIA,EQ,2.7,2.75,INE016M01021
DODLA,EQ,472.5,470.85,INE021O01019
DOLATALGO,EQ,47.9,48,INE966A01022
DOLLAR,EQ,358.6,360,INE325C01035
DONEAR,EQ,88.5,88,INE668D01028
DPABHUSHAN,EQ,323.7,324.5,INE266Y01019
DPSCLTD,EQ,10.2,10.35,INE360C01024
DPWIRES,EQ,403.4,405.9,INE864X01013
DRCSYSTEMS,EQ,44.2,43.65,INE03RS01027
DREAMFOLKS,EQ,447.2,449.8,INE0JS101016
DREDGECORP,EQ,304.75,304.05,INE506A01018
DRREDDY,EQ,4852.9,4854,INE089A01023
DSPBANKETF,EQ,41.95,42,INF740KA1RX3
DSPN50ETF,EQ,180.02,180.4,INF740KA1CL0
DSPNEWETF,EQ,205.61,206.25,INF740KA1QK2
DSPQ50ETF,EQ,160.43,160.46,INF740KA1QL0
DSPSILVETF,EQ,75.4,75.4,INF740KA1RE3
DSSL,EQ,369.4,370,INE417B01040
DTIL,EQ,198.95,201.85,INE341R01014
DUCON,EQ,6.95,6.95,INE741L01018
DVL,EQ,234.85,234.35,INE477B01010
DWARKESH,EQ,92.25,92.4,INE366A01041
DYCL,EQ,176.9,176.8,INE600Y01019
DYNAMATECH,EQ,2870.1,2882,INE221B01012
DYNPRO,EQ,289.9,292.25,INE256H01015
E2E,EQ,184.15,191,INE255Z01019
EASEMYTRIP,EQ,45.15,45.25,INE07O001026
EBBETF0425,EQ,1120.73,1120.22,INF754K01LD3
EBBETF0430,EQ,1259.58,1262.98,INF754K01KO2
EBBETF0431,EQ,1125.89,1125.26,INF754K01LE1
EBBETF0433,EQ,1027.95,1027.97,INF754K01QX0
ECLERX,EQ,1338.2,1336.6,INE738I01010
EDELWEISS,EQ,56.5,56.9,INE532F01054
EICHERMOT,EQ,3213.05,3212.5,INE066A01021
EIDPARRY,EQ,513.5,511.1,INE126A01031
EIFFL,EQ,152.05,154.8,INE546V01010
EIHAHOTELS,EQ,448.1,449.5,INE276C01014
EIHOTEL,EQ,171,170.7,INE230A01023
EIMCOELECO,EQ,388,386.1,INE158B01016
EKC,EQ,103.45,102.8,INE184H01027
ELDEHSG,EQ,597.45,600,INE668G01021
ELECON,EQ,449.95,450.7,INE205B01023
ELECTCAST,EQ,34.35,34.2,INE086A01029
ELECTHERM,EQ,62.95,62.5,INE822G01016
ELGIEQUIP,EQ,466.2,466,INE285A01027
ELGIRUBCO,EQ,34.85,35.3,INE819L01012
ELIN,EQ,134.1,134.9,INE050401020
EMAMILTD,EQ,360.7,360.85,INE548C01032
EMAMIPAP,EQ,120.1,119.2,INE830C01026
EMAMIREAL,EQ,72,72.45,INE778K01012
EMIL,EQ,73.05,72.95,INE02YR01019
EMKAY,EQ,67.55,66.75,INE296H01011
EMMBI,EQ,86.5,86.75,INE753K01015
EMUDHRA,EQ,241.2,241.9,INE01QM01018
ENDURANCE,EQ,1265.95,1265.8,INE913H01037
ENERGYDEV,EQ,17.2,17.15,INE306C01019
ENGINERSIN,EQ,75,75,INE510A01028
ENIL,EQ,129.7,130,INE265F01028
EPL,EQ,159,159.8,INE255A01020
EQUITASBNK,EQ,68.25,68.5,INE063P01018
ERIS,EQ,597.05,596.7,INE406M01024
EROSMEDIA,EQ,25.05,25.15,INE416L01017
ESABINDIA,EQ,3392,3397.75,INE284A01012
ESCORTS,EQ,1961.95,1958.4,INE042A01014
ESSARSHPNG,EQ,8.7,8.75,INE122M01019
ESSENTIA,EQ,6.35,6.5,INE418N01035
ESTER,EQ,105.1,104.8,INE778B01029
ETHOSLTD,EQ,1038.75,1042.6,INE04TZ01018
EVEREADY,EQ,305,304.05,INE128A01029
EVERESTIND,EQ,756.3,755,INE295A01018
EXCEL,EQ,0.4,0.45,INE688J01023
EXCELINDUS,EQ,874.7,874.8,INE369A01029
EXIDEIND,EQ,185.4,184.6,INE302A01020
EXPLEOSOL,EQ,1332.3,1345,INE201K01015
EXXARO,EQ,114.5,114.6,INE0GFE01018
FACT,EQ,320.8,318.8,INE188A01015
FAIRCHEMOR,EQ,1070.65,1066,INE0DNW01011
FAZE3Q,EQ,336.65,335.85,INE963C01033
FCL,EQ,242.9,243.5,INE045J01026
FCONSUMER,EQ,0.85,0.85,INE220J01025
FCSSOFT,EQ,2.2,2.2,INE512B01022
FDC,EQ,267.35,268,INE258B01022
FEDERALBNK,EQ,128.1,128.15,INE171A01029
FIBERWEB,EQ,31.8,31.7,INE296C01020
FIEMIND,EQ,1583.25,1580,INE737H01014
FILATEX,EQ,37.8,37.85,INE816B01035
FINCABLES,EQ,837.85,838.8,INE235A01022
FINEORG,EQ,4489.3,4480.9,INE686Y01026
FINOPB,EQ,210.95,210.15,INE02NC01014
FINPIPE,EQ,170.5,170.7,INE183A01024
FIVESTAR,EQ,523.55,525,INE128S01021
FLEXITUFF,EQ,29.3,29.25,INE060J01017
FLUOROCHEM,EQ,3095.75,3100,INE09N301011
FMGOETZE,EQ,307.95,307.1,INE529A01010
FMNL,EQ,5.3,5.3,INE360L01017
FOCUS,EQ,601.8,603.9,INE593W01010
FOODSIN,EQ,132.4,132.05,INE976E01023
FORCEMOT,EQ,1254,1252,INE451A01017
FORTIS,EQ,265.2,265.35,INE061F01013
FOSECOIND,EQ,2446.3,2430,INE519A01011
FSL,EQ,113.75,115,INE684F01012
FUSION,EQ,404.25,404.5,INE139R01012
GABRIEL,EQ,145.55,145.1,INE524A01029
GAEL,EQ,265.55,264.5,INE036B01030
GAIL,EQ,108.15,108.2,INE129A01019
GAL,EQ,2.65,2.65,INE482J01021
GALAXYSURF,EQ,2481.35,2490,INE600K01018
GALLANTT,EQ,64.8,64.2,INE297H01019
GANDHITUBE,EQ,520.65,523,INE524B01027
GANECOS,EQ,935.95,938,INE845D01014
GANESHBE,EQ,174.55,173.2,INE388A01029
GANESHHOUC,EQ,336.95,334,INE460C01014
GANGAFORGE,EQ,3.55,3.7,INE691Z01023
GANGESSECU,EQ,105,104,INE335W01016
GARFIBRES,EQ,2903.25,2900,INE276A01018
GATEWAY,EQ,63.75,63.8,INE079J01017
GATI,EQ,116.55,116.75,INE152B01027
GAYAHWS,EQ,1.05,1.05,INE287Z01012
GEECEE,EQ,141.8,143.9,INE916G01016
GEEKAYWIRE,EQ,157.9,158,INE669X01016
GENCON,EQ,58.75,58.25,INE854S01022
GENESYS,EQ,316,320,INE727B01026
GENUSPAPER,EQ,14.4,14.35,INE949P01018
GENUSPOWER,EQ,86.55,86.6,INE955D01029
GEOJITFSL,EQ,42.4,42.55,INE007B01023
GEPIL,EQ,114.7,114.8,INE878A01011
GESHIP,EQ,647.95,647.5,INE017A01032
GET&D,EQ,137.85,136.6,INE200A01026
GFLLIMITED,EQ,52.5,52.3,INE538A01037
GICHSGFIN,EQ,164.8,163.6,INE289B01019
GICRE,EQ,144.75,144.1,INE481Y01014
GILLANDERS,EQ,66.1,65.6,INE047B01011
GILLETTE,EQ,4378.7,4390,INE322A01010
GILT5YBEES,EQ,51.73,51.73,INF204KC1030
GINNIFILA,EQ,22.25,22.25,INE424C01010
GIPCL,EQ,73.95,74,INE162A01010
GKWLIMITED,EQ,539.45,539.45,INE528A01020
GLAND,EQ,1251.65,1250.5,INE068V01023
GLAXO,EQ,1257.8,1258.6,INE159A01016
GLENMARK,EQ,490.25,490.1,INE935A01035
GLFL,EQ,2.55,2.55,INE540A01017
GLOBAL,EQ,158.9,160.15,INE291W01029
GLOBALVECT,EQ,54.3,54.5,INE792H01019
GLOBE,EQ,2.85,2.9,INE581X01021
GLOBUSSPR,EQ,878.1,874.8,INE615I01010
GLS,EQ,417.55,414.55,INE03Q201024
GMBREW,EQ,595.65,596.5,INE075D01018
GMDCLTD,EQ,132.8,132.6,INE131A01031
GMMPFAUDLR,EQ,1491.45,1489,INE541A01023
GMRINFRA,EQ,43.9,43.9,INE776C01039
GMRP&UI,EQ,16.35,16.25,INE0CU601026
GNA,EQ,845.8,847.9,INE934S01014
GNFC,EQ,545.9,547,INE113A01013
GOACARBON,EQ,495.6,494,INE426D01013
GOCLCORP,EQ,309.6,309,INE077F01035
GOCOLORS,EQ,1008.3,1010,INE0BJS01011
GODFRYPHLP,EQ,1789.25,1790,INE260B01028
GODHA,EQ,1.15,1.2,INE925Y01036
GODREJAGRO,EQ,436.3,435.9,INE850D01014
GODREJCP,EQ,963.2,964.5,INE102D01028
GODREJIND,EQ,443.1,442,INE233A01035
GODREJPROP,EQ,1283.1,1284.9,INE484J01027
GOKEX,EQ,355.85,356.9,INE887G01027
GOKUL,EQ,29.25,29.3,INE020J01029
GOKULAGRO,EQ,113.65,114,INE314T01025
GOLDBEES,EQ,51.94,51.95,INF204KB17I5
GOLDIAM,EQ,140.3,140.45,INE025B01025
GOLDSHARE,EQ,52,51.95,INF789F1AUX7
GOLDTECH,EQ,60.3,60.3,INE805A01014
GOODLUCK,EQ,452.65,449.8,INE127I01024
GOODYEAR,EQ,1072.35,1075.8,INE533A01012
GPIL,EQ,370.25,372,INE177H01021
GPPL,EQ,113.85,114,INE517F01014
GPTINFRA,EQ,46.3,46.1,INE390G01014
GRANULES,EQ,297.5,297.9,INE101D01020
GRAPHITE,EQ,278.4,278.3,INE371A01025
GRASIM,EQ,1701.1,1703.5,INE047A01021
GRAUWEIL,EQ,113.7,114,INE266D01021
GRAVITA,EQ,503.5,504.65,INE024L01027
GREAVESCOT,EQ,132.75,132.55,INE224A01026
GREENLAM,EQ,307.1,306.45,INE544R01021
GREENPANEL,EQ,274.65,274.5,INE08ZM01014
GREENPLY,EQ,147.3,146.95,INE461C01038
GREENPOWER,EQ,9.1,9.1,INE999K01014
GRINDWELL,EQ,1935.25,1939.85,INE536A01023
GRINFRA,EQ,991.95,986.9,INE201P01022
GRMOVER,EQ,193.55,192.45,INE192H01020
GROBTEA,EQ,757.9,756,INE646C01018
GRSE,EQ,467.95,467,INE382Z01011
GRWRHITECH,EQ,549.2,550,INE291A01017
GSCLCEMENT,EQ,33,33.05,INE542A01039
GSFC,EQ,128.2,128,INE026A01025
GSLSU,EQ,185.1,183.6,INE0JSX01015
GSPL,EQ,276.35,276.4,INE246F01010
GSS,EQ,213.5,214,INE871H01011
GTL,EQ,5.5,5.45,INE043A01012
GTLINFRA,EQ,0.85,0.85,INE221H01019
GTPL,EQ,112.6,112,INE869I01013
GUFICBIO,EQ,200.95,201.75,INE742B01025
GUJALKALI,EQ,647.7,644.95,INE186A01019
GUJAPOLLO,EQ,198.65,201.8,INE826C01016
GUJGASLTD,EQ,462.95,463.25,INE844O01030
GULFOILLUB,EQ,417.85,418.7,INE635Q01029
GULFPETRO,EQ,34.55,34.7,INE586G01017
GULPOLY,EQ,259.9,258.4,INE255D01024
GVKPIL,EQ,2.75,2.8,INE251H01024
HAL,EQ,2804.95,2804,INE066F01012
HAPPSTMNDS,EQ,807.45,808.8,INE419U01012
HARDWYN,EQ,304.8,304.8,INE626Z01011
HARIOMPIPE,EQ,506.6,507.05,INE00EV01017
HARRMALAYA,EQ,118.1,118,INE544A01019
HARSHA,EQ,414.6,412.4,INE0JUS01029
HATHWAY,EQ,13.5,13.6,INE982F01036
HATSUN,EQ,838.35,839.1,INE473B01035
HAVELLS,EQ,1186.2,1186,INE176B01034
HBANKETF,EQ,422.8,422.9,INF179KC1AN8
HBLPOWER,EQ,100.25,100.45,INE292B01021
HBSL,EQ,46.8,46.55,INE550B01022
HCC,EQ,14.3,14.35,INE549A01026
HCG,EQ,268.85,267.65,INE075I01017
HCL-INSYS,EQ,13.2,13.2,INE236A01020
HCLTECH,EQ,1071.85,1072.5,INE860A01027
HDFC,EQ,2786.85,2791.95,INE001A01036
HDFCAMC,EQ,1791.8,1794,INE127D01025
HDFCBANK,EQ,1692.45,1695,INE040A01034
HDFCBSE500,EQ,23.6,23.7,INF179KC1EZ4
HDFCGROWTH,EQ,87.14,86.71,INF179KC1DJ0
HDFCLIFE,EQ,531.85,531.35,INE795G01014
HDFCLOWVOL,EQ,131.17,131.11,INF179KC1DN2
HDFCMFGETF,EQ,53.39,53.44,INF179KC1981
HDFCMID150,EQ,116.99,116.99,INF179KC1FA4
HDFCMOMENT,EQ,186.19,187.49,INF179KC1DM4
HDFCNEXT50,EQ,386.03,385.99,INF179KC1DA9
HDFCNIF100,EQ,177.7,177.72,INF179KC1DB7
HDFCNIFETF,EQ,193.58,194,INF179KC1965
HDFCNIFIT,EQ,284.91,284.97,INF179KC1DX1
HDFCPVTBAN,EQ,214.52,214.8,INF179KC1DW3
HDFCQUAL,EQ,38.99,39.05,INF179KC1DL6
HDFCSENETF,EQ,657.51,657.75,INF179KC1973
HDFCSILVER,EQ,74.88,74.75,INF179KC1DI2
HDFCSML250,EQ,91.28,91.31,INF179KC1FB2
HDFCVALUE,EQ,93,93,INF179KC1DK8
HEADSUP,EQ,12.8,12.75,INE759V01019
HEALTHY,EQ,8,8.02,INF209KB10C2
HECPROJECT,EQ,30.6,30.6,INE558R01013
HEG,EQ,1039,1037,INE545A01016
HEIDELBERG,EQ,169.9,169.2,INE578A01017
HEMIPROP,EQ,90.5,90.3,INE0AJG01018
HERANBA,EQ,328.3,329.9,INE694N01015
HERCULES,EQ,199.05,198.5,INE688E01024
HERITGFOOD,EQ,165.75,166.5,INE978A01027
HEROMOTOCO,EQ,2447.05,2448,INE158A01026
HESTERBIO,EQ,1814.35,1814,INE782E01017
HEUBACHIND,EQ,317.2,316.3,INE492A01029
HEXATRADEX,EQ,147.75,147.55,INE750M01017
HFCL,EQ,63.85,63.95,INE548A01028
HGINFRA,EQ,842.9,841,INE926X01010
HGS,EQ,1060.7,1062.25,INE170I01016
HIKAL,EQ,310.2,310.6,INE475B01022
HIL,EQ,2696.1,2686,INE557A01011
HIMATSEIDE,EQ,77.5,77.8,INE049A01027
HINDALCO,EQ,422.05,422.2,INE038A01020
HINDCOMPOS,EQ,272.8,272.8,INE310C01029
HINDCON,EQ,94.55,94,INE642Y01011
HINDCOPPER,EQ,100.55,100.55,INE531E01026
HINDMOTORS,EQ,13.8,13.9,INE253A01025
HINDOILEXP,EQ,136.3,135.65,INE345A01011
HINDPETRO,EQ,225,225.1,INE094A01015
HINDUNILVR,EQ,2536.2,2535.4,INE030A01027
HINDWAREAP,EQ,373.65,372.55,INE05AN01011
HINDZINC,EQ,319.7,319.05,INE267A01025
HIRECT,EQ,207.65,208.5,INE835D01023
HISARMETAL,EQ,131.95,129.5,INE598C01011
HITECH,EQ,77.65,77,INE106T01025
HITECHCORP,EQ,176.65,177,INE120D01012
HITECHGEAR,EQ,254.8,253,INE127B01011
HLEGLAS,EQ,520.65,522.4,INE461D01028
HLVLTD,EQ,10.35,10.5,INE102A01024
HMVL,EQ,44.3,46,INE871K01015
HNDFDS,EQ,596.3,600,INE254N01026
HNGSNGBEES,EQ,289.24,288.77,INF204KB19I1
HOMEFIRST,EQ,716.4,717,INE481N01025
HONAUT,EQ,36415,36430,INE671A01010
HONDAPOWER,EQ,2145.7,2149.2,INE634A01018
HOVS,EQ,37.5,37.2,INE596H01014
HPAL,EQ,368.6,367.5,INE0GSL01016
HPL,EQ,87.25,87.5,INE495S01016
HSCL,EQ,90.75,91,INE019C01026
HTMEDIA,EQ,16.65,16.6,INE501G01024
HUBTOWN,EQ,37.8,37.95,INE703H01016
HUDCO,EQ,44.8,44.75,INE031A01017
HUHTAMAKI,EQ,211.05,212,INE275B01026
HYBRIDFIN,EQ,9.55,9.55,INE965B01022
IBMFNIFTY,EQ,181.82,182,INF666M01FS5
IBREALEST,EQ,57.3,57.45,INE069I01010
IBULHSGFIN,EQ,102.25,102.4,INE148I01020
ICEMAKE,EQ,339.9,340,INE520Y01019
ICICI500,EQ,24.97,25.01,INF109KC1V59
ICICI5GSEC,EQ,52.07,52.07,INF109KC14A8
ICICIALPLV,EQ,173.69,173.9,INF109KC1N59
ICICIAUTO,EQ,130.13,130.08,INF109KC1Y49
ICICIB22,EQ,60.05,60.1,INF109KB15Y7
ICICIBANK,EQ,899,898,INE090A01021
ICICIBANKN,EQ,42.15,42.18,INF109KC15I8
ICICIBANKP,EQ,210.73,210.8,INF109KC1E35
ICICICOMMO,EQ,56.88,56.88,INF109KC19O8
ICICICONSU,EQ,74.04,73.95,INF109KC1V42
ICICIFIN,EQ,16.38,16.4,INF109KC17L8
ICICIFMCG,EQ,475.33,474.56,INF109KC1R48
ICICIGI,EQ,1087.85,1087.85,INE765G01017
ICICIGOLD,EQ,53.25,53.28,INF109KC1NT3
ICICIINFRA,EQ,53.09,53.16,INF109KC16E5
ICICILIQ,EQ,999.99,1000,INF109KC1KT9
ICICILOVOL,EQ,142.2,142.18,INF109KB10T8
ICICIM150,EQ,118.64,118.99,INF109KC1G82
ICICIMCAP,EQ,95.02,94.77,INF109KB1XT3
ICICIMOM30,EQ,18.91,18.91,INF109KC17C7
ICICINF100,EQ,192.22,192.9,INF109KA1962
ICICINIFTY,EQ,193.81,193.69,INF109K012R6
ICICINV20,EQ,101.41,101.4,INF109KB1WY5
ICICINXT50,EQ,39.65,39.79,INF109KC1NS5
ICICIPHARM,EQ,80.02,80,INF109KC1Q72
ICICIPRULI,EQ,442.9,442.1,INE726G01019
ICICISENSX,EQ,665.58,666.77,INF346A01034
ICICISILVE,EQ,77.38,77.31,INF109KC1Y56
ICICITECH,EQ,29.49,29.53,INF109KC16I6
ICIL,EQ,138.2,136.65,INE483B01026
ICRA,EQ,4672.1,4700,INE725G01011
IDBI,EQ,51.7,52.8,INE008A01015
IDBIGOLD,EQ,5620.05,5638.95,INF397L01554
IDEA,EQ,6.05,6.1,INE669E01016
IDFC,EQ,77.55,77.65,INE043D01016
IDFCFIRSTB,EQ,54,54.05,INE092T01019
IDFNIFTYET,EQ,189.01,189.02,INF194KA1U07
IEL,EQ,8.85,8.8,INE059901020
IEX,EQ,154.8,154.8,INE022Q01020
IFBAGRO,EQ,484.4,483.2,INE076C01018
IFBIND,EQ,825.4,825.3,INE559A01017
IFCI,EQ,10.3,10.35,INE039A01010
IFGLEXPOR,EQ,240.6,241,INE133Y01011
IGARASHI,EQ,379.6,379,INE188B01013
IGL,EQ,485.2,485.15,INE203G01027
IGPL,EQ,468.1,470,INE204A01010
IIFL,EQ,460.8,461.5,INE530B01024
IIFLSEC,EQ,54.1,54,INE489L01022
IITL,EQ,87,86.75,INE886A01014
IMAGICAA,EQ,44.4,44.5,INE172N01012
IMFA,EQ,281.5,283,INE919H01018
IMPAL,EQ,647.05,650,INE547E01014
IMPEXFERRO,EQ,3.2,3.2,INE691G01015
INCREDIBLE,EQ,19.85,19.8,INE452L01012
INDBANK,EQ,26.2,26.45,INE841B01017
INDHOTEL,EQ,328.05,329,INE053A01029
INDIACEM,EQ,186.2,186,INE383A01012
INDIAGLYCO,EQ,558.05,557.8,INE560A01015
INDIAMART,EQ,5391.5,5396.9,INE933S01016
INDIANB,EQ,287.05,286.55,INE562A01011
INDIANCARD,EQ,240.05,238.8,INE061A01014
INDIANHUME,EQ,134.1,134.05,INE323C01030
INDIGO,EQ,1879.35,1882,INE646L01027
INDIGOPNTS,EQ,1082.65,1082.5,INE09VQ01012
INDNIPPON,EQ,362.8,363,INE092B01025
INDOAMIN,EQ,87.2,86.55,INE760F01028
INDOBORAX,EQ,112.25,112.9,INE803D01021
INDOCO,EQ,329.1,329.95,INE873D01024
INDORAMA,EQ,44.2,44.45,INE156A01020
INDOTECH,EQ,184.65,186.5,INE332H01014
INDOWIND,EQ,11.5,11.6,INE227G01018
INDSWFTLAB,EQ,64.85,64.9,INE915B01019
INDSWFTLTD,EQ,9.2,9.2,INE788B01028
INDTERRAIN,EQ,52.1,51.85,INE611L01021
INDUSINDBK,EQ,1109.3,1105,INE095A01012
INDUSTOWER,EQ,137.4,137.8,INE121J01017
INFIBEAM,EQ,13.95,13.95,INE483S01020
INFOBEAN,EQ,479,481.95,INE344S01016
INFOMEDIA,EQ,4.9,4.9,INE669A01022
INFRABEES,EQ,539.8,541,INF732E01268
INFY,EQ,1389.2,1383.4,INE009A01021
INGERRAND,EQ,2763.05,2770,INE177A01018
INOXGREEN,EQ,38.7,38.75,INE510W01014
INOXWIND,EQ,96.95,97,INE066P01011
INSECTICID,EQ,503.5,507,INE070I01018
INSPIRISYS,EQ,56.2,57.25,INE020G01017
INTELLECT,EQ,431.7,432.9,INE306R01017
INTENTECH,EQ,63.25,63.35,INE781A01025
INTLCONV,EQ,55.65,55.75,INE575C01027
INVENTURE,EQ,1.95,2,INE878H01024
IOB,EQ,23.55,23.65,INE565A01014
IOC,EQ,77.2,77.25,INE242A01010
IOLCP,EQ,357.2,359.45,INE485C01011
IONEXCHANG,EQ,3388.55,3400,INE570A01014
IPCALAB,EQ,819.9,820,INE571A01038
IPL,EQ,217.45,216.6,INE0D6701023
IRB,EQ,26.65,26.85,INE821I01022
IRCON,EQ,58.6,58.3,INE962Y01021
IRCTC,EQ,592.65,592.8,INE335Y01020
IRFC,EQ,27.5,27.5,INE053F01010
IRIS,EQ,73.35,73.4,INE864K01010
IRISDOREME,EQ,339.6,340,INE01GN01017
ISEC,EQ,454.3,455,INE763G01038
ISFT,EQ,136.85,137.5,INE566K01011
ISGEC,EQ,475.45,477.4,INE858B01029
ISMTLTD,EQ,70.05,70.2,INE732F01019
ITBEES,EQ,29.59,29.64,INF204KB15V2
ITC,EQ,395.6,395.7,INE154A01025
ITDC,EQ,317.45,315.6,INE353K01014
ITDCEM,EQ,111.4,111,INE686A01026
ITI,EQ,91.35,91.4,INE248A01017
IVC,EQ,6.35,6.35,INE050B01023
IVP,EQ,129.2,130.7,INE043C01018
IVZINGOLD,EQ,5435.15,5381,INF205K01361
IWEL,EQ,1001.6,1000,INE0FLR01028
IZMO,EQ,139.15,138.9,INE848A01014
J&KBANK,EQ,51.3,51.55,INE168A01041
JAGRAN,EQ,71.8,71.65,INE199G01027
JAGSNPHARM,EQ,350.2,354,INE048B01027
JAIBALAJI,EQ,49.05,49.3,INE091G01018
JAICORPLTD,EQ,152.1,151.9,INE070D01027
JAIPURKURT,EQ,95.2,95.7,INE696V01013
JAMNAAUTO,EQ,102.25,101.95,INE039C01032
JASH,EQ,835.45,833.5,INE039O01011
JAYAGROGN,EQ,171.75,171,INE785A01026
JAYBARMARU,EQ,141.85,141.65,INE571B01028
JAYNECOIND,EQ,21.85,21.85,INE854B01010
JAYSREETEA,EQ,85.2,84.95,INE364A01020
JBCHEPHARM,EQ,2165.9,2175,INE572A01028
JBMA,EQ,756.95,755.9,INE927D01044
JCHAC,EQ,1099.85,1098,INE782A01015
JETFREIGHT,EQ,12.2,12.2,INE982V01025
JHS,EQ,16.75,17,INE544H01014
JINDALPHOT,EQ,335.9,337.5,INE796G01012
JINDALPOLY,EQ,571.55,574.4,INE197D01010
JINDALSAW,EQ,163.4,163.45,INE324A01024
JINDALSTEL,EQ,560.4,560.15,INE749A01030
JINDRILL,EQ,305.55,305,INE742C01031
JINDWORLD,EQ,348.35,349,INE247D01039
JISLDVREQS,EQ,18.5,18.4,IN9175A01010
JISLJALEQS,EQ,35.75,35.8,INE175A01038
JKCEMENT,EQ,2966.4,2972,INE823G01014
JKIL,EQ,253.95,253.5,INE576I01022
JKLAKSHMI,EQ,788.9,790,INE786A01032
JKPAPER,EQ,380,380.7,INE789E01012
JKTYRE,EQ,162.45,162.95,INE573A01042
JMA,EQ,63.35,62.9,INE412C01023
JMFINANCIL,EQ,64,64.3,INE780C01023
JOCIL,EQ,178.25,180.5,INE839G01010
JPASSOCIAT,EQ,7.7,7.7,INE455F01025
JPOLYINVST,EQ,552.45,560.4,INE147P01019
JPPOWER,EQ,6.05,6.05,INE351F01018
JSL,EQ,265.9,265.05,INE220G01021
JSWENERGY,EQ,245.45,245.1,INE121E01018
JSWHL,EQ,4087.85,4101,INE824G01012
JSWISPL,EQ,32.45,32.5,INE743C01021
JSWSTEEL,EQ,720.65,720.75,INE019A01038
JTEKTINDIA,EQ,103.05,103,INE643A01035
JTLIND,EQ,346.4,344,INE391J01024
JUBLFOOD,EQ,435.15,435.7,INE797F01020
JUBLINDS,EQ,399.2,399,INE645L01011
JUBLINGREA,EQ,398.55,398,INE0BY001018
JUBLPHARMA,EQ,304,303.2,INE700A01033
JUNIORBEES,EQ,407.48,407.75,INF732E01045
JUSTDIAL,EQ,642.1,646,INE599M01018
JWL,EQ,97.4,97.8,INE209L01016
JYOTHYLAB,EQ,195.45,194.5,INE668F01031
KABRAEXTRU,EQ,530,531.9,INE900B01029
KAJARIACER,EQ,1113.9,1114,INE217B01036
KAKATCEM,EQ,194.25,194.8,INE437B01014
KALPATPOWR,EQ,533.65,533.8,INE220B01022
KALYANKJIL,EQ,104.25,104.3,INE303R01014
KAMATHOTEL,EQ,131.6,131.05,INE967C01018
KAMDHENU,EQ,365.35,365,INE390H01012
KAMOPAINTS,EQ,232.75,231.5,INE0BTI01029
KANANIIND,EQ,7.25,7.2,INE879E01037
KANORICHEM,EQ,120.75,120.6,INE138C01024
KANPRPLA,EQ,85.45,86.3,INE694E01014
KANSAINER,EQ,381.2,379.95,INE531A01024
KAPSTON,EQ,139.05,138.35,INE542Z01010
KARURVYSYA,EQ,99.65,99.65,INE036D01028
KAUSHALYA,EQ,4.4,4.5,INE234I01010
KAVVERITEL,EQ,5.8,5.75,INE641C01019
KAYA,EQ,312.65,311,INE587G01015
KAYNES,EQ,954.8,950.05,INE918Z01012
KCP,EQ,111.8,111.75,INE805C01028
KCPSUGIND,EQ,25.2,25.35,INE790B01024
KDDL,EQ,1084.3,1089.95,INE291D01011
KEC,EQ,485.5,483.8,INE389H01022
KECL,EQ,79.6,79.5,INE134B01017
KEI,EQ,1753.95,1753,INE878B01027
KELLTONTEC,EQ,53.25,53.5,INE164B01022
KENNAMET,EQ,2280.4,2280,INE717A01029
KESORAMIND,EQ,60.15,60.3,INE087A01019
KEYFINSERV,EQ,95.6,95.05,INE681C01015
KFINTECH,EQ,296.1,294,INE138Y01010
KHADIM,EQ,192.85,192.95,INE834I01025
KHAICHEM,EQ,75.75,76.5,INE745B01028
KHAITANLTD,EQ,39.8,39.45,INE731C01018
KHANDSE,EQ,26.7,27,INE060B01014
KICL,EQ,1751.75,1735.05,INE029L01018
KILITCH,EQ,167.85,167,INE729D01010
KIMS,EQ,1483.95,1485.75,INE967H01017
KINGFA,EQ,1539.15,1525,INE473D01015
KIOCL,EQ,180.15,180.8,INE880L01014
KIRIINDUS,EQ,300.2,300.2,INE415I01015
KIRLFER,EQ,433.75,435.05,INE884B01025
KIRLOSBROS,EQ,439.8,436.5,INE732A01036
KIRLOSENG,EQ,402.75,401.7,INE146L01010
KIRLOSIND,EQ,2781.7,2790,INE250A01039
KITEX,EQ,147.15,146,INE602G01020
KKCL,EQ,417.75,418.5,INE401H01017
KMSUGAR,EQ,28.25,28.25,INE157H01023
KNRCON,EQ,243.9,244.1,INE634I01029
KOHINOOR,EQ,29.9,30,INE080B01012
KOKUYOCMLN,EQ,73.2,73,INE760A01029
KOLTEPATIL,EQ,254.2,254.5,INE094I01018
KOPRAN,EQ,145.45,145,INE082A01010
KOTAKALPHA,EQ,25.58,25.62,INF174KA1IA5
KOTAKBANK,EQ,1869.5,1868,INE237A01028
KOTAKBKETF,EQ,426.45,426.1,INF174K01F59
KOTAKCONS,EQ,73.39,73.34,INF174KA1JE5
KOTAKGOLD,EQ,52.13,52.16,INF174KA1HJ8
KOTAKIT,EQ,29.37,29.38,INF174KA1GC5
KOTAKLOVOL,EQ,13.21,13.12,INF174KA1IY5
KOTAKMID50,EQ,88.33,88.99,INF174KA1IB3
KOTAKMNC,EQ,19.43,19.44,INF174KA1JF2
KOTAKNIFTY,EQ,189.87,189.72,INF174K014P6
KOTAKNV20,EQ,103.68,103.88,INF174K01Z71
KOTAKPSUBK,EQ,377.47,378.58,INF373I01023
KOTAKSILVE,EQ,75.4,75.4,INF174KA1KU9
KOTARISUG,EQ,38.35,38.5,INE419A01022
KOTHARIPET,EQ,63.95,65,INE720A01015
KOTHARIPRO,EQ,117.1,118,INE823A01017
KOVAI,EQ,1980.6,1983,INE177F01017
KPIGREEN,EQ,450.4,450.6,INE542W01017
KPITTECH,EQ,869.1,869,INE04I401011
KPRMILL,EQ,607.3,608,INE930H01031
KRBL,EQ,340.95,341,INE001B01026
KREBSBIO,EQ,78.15,77.65,INE268B01013
KRIDHANINF,EQ,3,3.05,INE524L01026
KRISHANA,EQ,486.3,485,INE506W01012
KRITI,EQ,106,104.05,INE479D01038
KRITIKA,EQ,12.3,12.25,INE00Z501029
KRITINUT,EQ,46.25,47.25,INE798K01010
KRSNAA,EQ,496.85,495.7,INE08LI01020
KSB,EQ,2239,2239.95,INE999A01015
KSCL,EQ,515.2,512.05,INE455I01029
KSHITIJPOL,EQ,19.95,19.95,INE013801027
KSL,EQ,321.05,321,INE907A01026
KSOLVES,EQ,509.35,512.55,INE0D6I01015
KTKBANK,EQ,130.35,130.5,INE614B01018
KUANTUM,EQ,138.95,138.2,INE529I01021
L&TFH,EQ,87.65,87.6,INE498L01015
LAGNAM,EQ,55.75,56.5,INE548Z01017
LAL,EQ,114.5,114.5,INE740X01015
LALPATHLAB,EQ,1908.25,1905,INE600L01024
LAMBODHARA,EQ,166.65,166.1,INE112F01022
LANCER,EQ,163.2,163.75,INE359U01028
LANDMARK,EQ,572.4,572.5,INE559R01029
LAOPALA,EQ,363.2,362,INE059D01020
LASA,EQ,22.85,22.75,INE670X01014
LATENTVIEW,EQ,367.4,367,INE0I7C01011
LAURUSLABS,EQ,313.9,313.9,INE947Q01028
LAXMICOT,EQ,19.3,19.35,INE801V01019
LAXMIMACH,EQ,10871.85,10851,INE269B01029
LCCINFOTEC,EQ,1.75,1.75,INE938A01021
LEMONTREE,EQ,77.1,77.25,INE970X01018
LEXUS,EQ,81.65,77.55,INE500X01013
LFIC,EQ,110.85,111,INE850E01012
LGBBROSLTD,EQ,816.35,820,INE337A01034
LGBFORGE,EQ,8.65,8.7,INE201J01017
LIBAS,EQ,11.4,11.5,INE908V01012
LIBERTSHOE,EQ,221.55,222.2,INE557B01019
LICHSGFIN,EQ,327.4,327,INE115A01026
LICI,EQ,550.95,551.35,INE0J1Y01017
LICNETFGSC,EQ,23.26,23.29,INF767K01MV5
LICNETFN50,EQ,191.56,191.56,INF767K01OS7
LICNETFSEN,EQ,656.75,655,INF767K01OT5
LICNFNHGP,EQ,187.59,187.75,INF767K01PC8
LIKHITHA,EQ,255.8,257.2,INE060901027
LINC,EQ,594.55,590,INE802B01019
LINCOLN,EQ,400.1,401.9,INE405C01035
LINDEINDIA,EQ,4174.95,4196.8,INE473A01011
LIQUIDBEES,EQ,1000,1000.01,INF732E01037
LIQUIDETF,EQ,999.99,1000,INF740KA1EU7
LODHA,EQ,914.9,912,INE670K01029
LOKESHMACH,EQ,132,132.9,INE397H01017
LOTUSEYE,EQ,64.05,64.55,INE947I01017
LOVABLE,EQ,99.35,98.05,INE597L01014
LOYALTEX,EQ,610.95,610,INE970D01010
LPDC,EQ,6.15,6.1,INE197J01017
LSIL,EQ,18.75,18.75,INE093R01011
LT,EQ,2258.75,2263.5,INE018A01030
LTGILTBEES,EQ,23.69,23.7,INF204KB1882
LTIM,EQ,4646.4,4635.8,INE214T01019
LTTS,EQ,3529.85,3530.5,INE010V01017
LUMAXIND,EQ,1893.1,1885,INE162B01018
LUMAXTECH,EQ,285.9,284.8,INE872H01027
LUPIN,EQ,671.4,671.8,INE326A01037
LUXIND,EQ,1215.1,1214,INE150G01020
LXCHEM,EQ,266.55,266.6,INE576O01020
LYKALABS,EQ,114.55,114.8,INE933A01014
LYPSAGEMS,EQ,4.55,4.55,INE142K01011
M&M,EQ,1204.55,1205.45,INE101A01026
M&MFIN,EQ,259.4,259.25,INE774D01024
MAANALU,EQ,194.9,196,INE215I01019
MACPOWER,EQ,306.55,309,INE155Z01011
MADHAV,EQ,40.4,40.8,INE925C01016
MADHUCON,EQ,5.25,5.25,INE378D01032
MADRASFERT,EQ,71.9,70.35,INE414A01015
MAESGETF,EQ,28.86,28.93,INF769K01GS9
MAFANG,EQ,48.71,48.8,INF769K01HF4
MAFSETF,EQ,18.98,19.01,INF769K01HI8
MAGADSUGAR,EQ,356,357.7,INE347W01011
MAGNUM,EQ,28.7,28.25,INE387I01016
MAGOLDETF,EQ,60.45,60.95,INF769K01JP9
MAGS813ETF,EQ,24.2,23.98,INF769K01KF8
MAHABANK,EQ,27.55,27.65,INE457A01014
MAHAPEXLTD,EQ,93.15,92.5,INE843B01013
MAHASTEEL,EQ,59.6,59.7,INE451L01014
MAHEPC,EQ,92.6,92.75,INE215D01010
MAHESHWARI,EQ,87.55,87.8,INE263W01010
MAHINDCIE,EQ,365.45,365.4,INE536H01010
MAHKTECH,EQ,14.53,14.57,INF769K01HS7
MAHLIFE,EQ,368.8,366.35,INE813A01018
MAHLOG,EQ,376.6,375.9,INE766P01016
MAHSCOOTER,EQ,4450.9,4465.05,INE288A01013
MAHSEAMLES,EQ,387.9,386.5,INE271B01025
MAITHANALL,EQ,848.5,850,INE683C01011
MALLCOM,EQ,819.35,815,INE389C01015
MALUPAPER,EQ,30.25,30.5,INE383H01017
MAM150ETF,EQ,11.73,11.74,INF769K01IC9
MAMFGETF,EQ,82.64,82.75,INF769K01IB1
MAN50ETF,EQ,186.05,186.02,INF769K01EG9
MANAKALUCO,EQ,21.3,21.1,INE859Q01017
MANAKCOAT,EQ,15.5,15.4,INE830Q01018
MANAKSIA,EQ,127.05,126.5,INE015D01022
MANAKSTEEL,EQ,36.95,37.05,INE824Q01011
MANALIPETC,EQ,68.1,68.3,INE201A01024
MANAPPURAM,EQ,127.15,127.05,INE522D01027
MANGALAM,EQ,115.95,120,INE584F01014
MANGCHEFER,EQ,102.25,102.05,INE558B01017
MANGLMCEM,EQ,281.55,283.85,INE347A01017
MANINDS,EQ,92.15,92.3,INE993A01026
MANINFRA,EQ,78.8,79.2,INE949H01023
MANOMAY,EQ,134,132,INE784W01015
MANORAMA,EQ,1044.8,1048.8,INE00VM01010
MANORG,EQ,447.45,447.45,INE370D01013
MANUGRAPH,EQ,16.5,16.6,INE867A01022
MANV30F,EQ,130.65,130.65,INF769K01JU9
MANXT50,EQ,389,389.18,INF769K01FN2
MANYAVAR,EQ,1238.55,1225.9,INE825V01034
MAPMYINDIA,EQ,1028.1,1027,INE0BV301023
MARALOVER,EQ,52.85,52.75,INE882A01013
MARATHON,EQ,300.35,299,INE182D01020
MARICO,EQ,476.8,476.65,INE196A01026
MARINE,EQ,40.8,40.85,INE01JE01028
MARKSANS,EQ,76.9,76.85,INE750C01026
MARUTI,EQ,8670.8,8660,INE585B01010
MASFIN,EQ,718.65,718,INE348L01012
MASPTOP50,EQ,28.24,28.18,INF769K01HP3
MASTEK,EQ,1596.1,1593,INE759A01021
MATRIMONY,EQ,518,517.8,INE866R01028
MAWANASUG,EQ,91.1,91.1,INE636A01039
MAXHEALTH,EQ,471.65,471.9,INE027H01010
MAXIND,EQ,82.8,83,INE0CG601016
MAXVIL,EQ,171.75,171,INE154U01015
MAYURUNIQ,EQ,473,468.4,INE040D01038
MAZDA,EQ,645.75,649.8,INE885E01034
MAZDOCK,EQ,703.65,703.5,INE249Z01012
MBAPL,EQ,602.7,601.5,INE900L01010
MBLINFRA,EQ,17.65,17.55,INE912H01013
MCDOWELL-N,EQ,762.05,762.8,INE854D01024
MCL,EQ,32.7,32.1,INE813V01022
MCX,EQ,1466.95,1469,INE745G01035
MEDANTA,EQ,489.3,488,INE474Q01031
MEDICAMEQ,EQ,724.25,723,INE646B01010
MEDICO,EQ,87.9,87.5,INE630Y01024
MEDPLUS,EQ,715.9,713.2,INE804L01022
MEGASOFT,EQ,30.75,31.5,INE933B01012
MEGASTAR,EQ,230.55,231.7,INE00EM01016
MENONBE,EQ,102.95,103.3,INE071D01033
MEP,EQ,14.4,14.4,INE776I01010
METROBRAND,EQ,800.4,800,INE317I01021
METROPOLIS,EQ,1290.4,1287.65,INE112L01020
MFL,EQ,1012.15,1015,INE071N01016
MFSL,EQ,625.7,627,INE180A01020
MGEL,EQ,20.15,20.2,INE0APB01024
MGL,EQ,991.15,991,INE002S01010
MHLXMIRU,EQ,299,298.05,INE112D01035
MHRIL,EQ,292.15,290.55,INE998I01010
MICEL,EQ,12.2,12.3,INE287C01037
MID150BEES,EQ,119.38,119.3,INF204KB1V68
MIDHANI,EQ,195.05,195.1,INE099Z01011
MINDACORP,EQ,267.95,266.4,INE842C01021
MINDTECK,EQ,125.8,126,INE110B01017
MIRCELECTR,EQ,13.65,13.8,INE831A01028
MITCON,EQ,74.1,74,INE828O01033
MITTAL,EQ,12.4,12.55,INE997Y01019
MMFL,EQ,830.35,827.9,INE227C01017
MMP,EQ,147.3,147,INE511Y01018
MMTC,EQ,30,30.2,INE123F01029
MODISONLTD,EQ,58.85,59,INE737D01021
MOGSEC,EQ,51.55,51.55,INF247L01AK4
MOHEALTH,EQ,22.89,22.89,INF247L01BB1
MOHITIND,EQ,13.2,13.45,INE954E01012
MOIL,EQ,152.25,152.35,INE490G01020
MOKSH,EQ,10.05,10.1,INE514Y01020
MOL,EQ,91.3,91.55,INE0CT101020
MOLDTECH,EQ,271.4,271.2,INE835B01035
MOLDTKPAC,EQ,934.35,937.9,INE893J01029
MOLOWVOL,EQ,24.71,24.77,INF247L01BL0
MOM100,EQ,32.61,32.7,INF247L01023
MOM50,EQ,178.99,179.1,INF247L01536
MOMENTUM,EQ,18.76,18.78,INF209KB14K7
MOMOMENTUM,EQ,37.39,37.42,INF247L01BK2
MON100,EQ,102.63,102.74,INF247L01AP3
MONARCH,EQ,222.1,220.1,INE903D01011
MONQ50,EQ,53.22,53.25,INF247L01AU3
MONTECARLO,EQ,666.75,669,INE950M01013
MORARJEE,EQ,19.75,19.7,INE161G01027
MOREPENLAB,EQ,27.25,27.4,INE083A01026
MOTHERSON,EQ,68.3,68.3,INE775A01035
MOTILALOFS,EQ,634.3,635,INE338I01027
MOVALUE,EQ,48.73,48.73,INF247L01BE5
MPHASIS,EQ,1771.05,1770.05,INE356A01018
MPSLTD,EQ,910.55,913.9,INE943D01017
MRF,EQ,85516.95,85594.1,INE883A01011
MRO-TEK,EQ,58.25,58,INE398B01018
MRPL,EQ,53.3,53.45,INE103A01014
MSPL,EQ,8.95,9,INE752G01015
MSTCLTD,EQ,267.6,268,INE255X01014
MSUMI,EQ,50.7,50,INE0FS801015
MTARTECH,EQ,1713.15,1700,INE864I01014
MTNL,EQ,19,19,INE153A01019
MUKANDLTD,EQ,136.35,136.3,INE304A01026
MUKTAARTS,EQ,49.2,49,INE374B01019
MUNJALAU,EQ,40.7,40.55,INE672B01032
MUNJALSHOW,EQ,91.25,90.95,INE577A01027
MURUDCERA,EQ,34.9,35,INE692B01014
MUTHOOTCAP,EQ,271.9,270.3,INE296G01013
MUTHOOTFIN,EQ,1033.35,1034.25,INE414G01012
NACLIND,EQ,87,87,INE295D01020
NAGAFERT,EQ,11.8,11.8,INE454M01024
NAGREEKCAP,EQ,20.9,20.9,INE245I01016
NAGREEKEXP,EQ,33.75,32.8,INE123B01028
NAHARCAP,EQ,267.1,267.75,INE049I01012
NAHARINDUS,EQ,96.8,96.55,INE289A01011
NAHARPOLY,EQ,240.2,240,INE308A01027
NAHARSPING,EQ,265.15,263.2,INE290A01027
NAM-INDIA,EQ,236.45,236.5,INE298J01013
NARMADA,EQ,22.4,22.5,INE117Z01011
NATCOPHARM,EQ,574.05,574,INE987B01026
NATHBIOGEN,EQ,153.1,152.9,INE448G01010
NATIONALUM,EQ,79.6,79.6,INE139A01034
NAUKRI,EQ,3820.45,3811,INE663F01024
NAVA,EQ,231.75,232.15,INE725A01022
NAVINFLUOR,EQ,4526.75,4515,INE048G01026
NAVKARCORP,EQ,54.55,54.7,INE278M01019
NAVNETEDUL,EQ,106.75,106.7,INE060A01024
NAZARA,EQ,538.1,539,INE418L01021
NBCC,EQ,38.15,38,INE095N01031
NBIFIN,EQ,1455.7,1455,INE365I01020
NCC,EQ,107.5,107.7,INE868B01028
NCLIND,EQ,180.35,181,INE732C01016
NDGL,EQ,1384.1,1378,INE756C01015
NDL,EQ,21.9,22,INE875G01030
NDRAUTO,EQ,631.7,628.2,INE07OG01012
NDTV,EQ,191.6,190.95,INE155G01029
NECCLTD,EQ,18.9,19,INE553C01016
NECLIFE,EQ,17.55,17.55,INE023H01027
NELCAST,EQ,94.1,93.55,INE189I01024
NELCO,EQ,535.05,535.6,INE045B01015
NEOGEN,EQ,1605.95,1608,INE136S01016
NESCO,EQ,535.95,538.4,INE317F01035
NESTLEIND,EQ,19465.35,19500,INE239A01016
NETF,EQ,186.06,186.75,INF277K015R5
NETWORK18,EQ,55.2,54.85,INE870H01013
NEULANDLAB,EQ,2074.95,2056,INE794A01010
NEWGEN,EQ,457.25,460,INE619B01017
NEXTMEDIA,EQ,4.95,4.95,INE747B01016
NFL,EQ,85.3,85.25,INE870D01012
NGIL,EQ,56.15,56,INE236Y01012
NGLFINE,EQ,1338.55,1330.1,INE887E01022
NH,EQ,774.75,774.2,INE410P01011
NHPC,EQ,42.85,42.8,INE848E01016
NIACL,EQ,102.5,102.2,INE470Y01017
NIBL,EQ,20.3,20.25,INE047O01014
NIF100BEES,EQ,182.83,182.92,INF204K014N5
NIFTYBEES,EQ,194.77,194.85,INF204KB14I2
NIFTYQLITY,EQ,14.32,14.37,INF209KB15K4
NIITLTD,EQ,369.95,370.15,INE161A01038
NILAINFRA,EQ,5.05,5.05,INE937C01029
NILASPACES,EQ,2.9,2.9,INE00S901012
NILKAMAL,EQ,1879.6,1871,INE310A01015
NINSYS,EQ,365.8,365.8,INE395U01014
NIPPOBATRY,EQ,319.3,318.5,INE567A01028
NIRAJ,EQ,28.05,28.2,INE368I01016
NITCO,EQ,19.5,19.5,INE858F01012
NITINSPIN,EQ,257.25,256.55,INE229H01012
NITIRAJ,EQ,72.65,72.35,INE439T01012
NKIND,EQ,40.75,37.7,INE542C01019
NLCINDIA,EQ,79.45,79.3,INE589A01014
NMDC,EQ,111.3,111.3,INE584A01023
NOCIL,EQ,220.3,220,INE163A01018
NOIDATOLL,EQ,6.9,6.9,INE781B01015
NORBTEAEXP,EQ,7.3,7.3,INE369C01017
NOVARTIND,EQ,598.3,597,INE234A01025
NPBET,EQ,215.44,215.72,INF277K010X4
NRAIL,EQ,228.75,230.25,INE740D01017
NRBBEARING,EQ,144.3,144.95,INE349A01021
NRL,EQ,116.75,116.8,INE0JM501013
NSIL,EQ,2136.75,2130,INE023A01030
NSLNISP,EQ,31.7,31.65,INE0NNS01018
NTPC,EQ,173.05,173,INE733E01010
NUCLEUS,EQ,620.95,623,INE096B01018
NURECA,EQ,339.4,340.95,INE0DSF01015
NUVOCO,EQ,330.55,332,INE118D01016
NV20BEES,EQ,104.04,104.24,INF204KB18I3
NXTDIGITAL,EQ,112.75,112.1,INE353A01023
NYKAA,EQ,126.15,126.3,INE388Y01029
OAL,EQ,384.45,390,INE959C01023
OBCL,EQ,63.15,63.4,INE426Z01016
OBEROIRLTY,EQ,913.9,914,INE093I01010
OCCL,EQ,716.65,720,INE321D01016
OFSS,EQ,3301.75,3307.25,INE881D01027
OIL,EQ,260.5,261.45,INE274J01014
OILCOUNTUB,EQ,17.45,17.3,INE591A01010
OLECTRA,EQ,641.75,641.2,INE260D01016
OMAXAUTO,EQ,41.7,41.8,INE090B01011
OMAXE,EQ,52.95,52.85,INE800H01010
OMINFRAL,EQ,38.75,38.6,INE239D01028
ONELIFECAP,EQ,13.45,13.45,INE912L01015
ONEPOINT,EQ,18.4,18.6,INE840Y01029
ONGC,EQ,158.75,158.95,INE213A01029
ONMOBILE,EQ,68.8,69.2,INE809I01019
ONWARDTEC,EQ,334.5,332.2,INE229A01017
OPTIEMUS,EQ,198.65,199,INE350C01017
ORBTEXP,EQ,129.4,130,INE231G01010
ORICONENT,EQ,19.25,19.2,INE730A01022
ORIENTABRA,EQ,24.75,24.7,INE569C01020
ORIENTALTL,EQ,6.2,6.15,INE998H01012
ORIENTBELL,EQ,543.85,551.1,INE607D01018
ORIENTCEM,EQ,120.05,120.1,INE876N01018
ORIENTELEC,EQ,228.8,229.5,INE142Z01019
ORIENTHOT,EQ,83.4,83.75,INE750A01020
ORIENTLTD,EQ,58.5,58.2,INE609C01024
ORIENTPPR,EQ,40.55,40.45,INE592A01026
ORISSAMINE,EQ,2780.3,2794.6,INE725E01024
ORTINLAB,EQ,19.35,19.4,INE749B01020
OSIAHYPER,EQ,33,32.65,INE06IR01021
OSWALAGRO,EQ,29.1,29.5,INE142A01012
OSWALSEEDS,EQ,379.8,376.2,INE00IK01011
PAGEIND,EQ,37699.9,37730,INE761H01022
PAISALO,EQ,58.8,58.05,INE420C01059
PALASHSECU,EQ,102.45,102.05,INE471W01019
PALREDTEC,EQ,138.7,138.5,INE218G01033
PANACEABIO,EQ,120.55,120.6,INE922B01023
PANAMAPET,EQ,299.2,300.55,INE305C01029
PANSARI,EQ,82.95,83,INE697V01011
PAR,EQ,147.55,147.75,INE04LG01015
PARACABLES,EQ,35.2,35.2,INE074B01023
PARADEEP,EQ,54.05,54.05,INE088F01024
PARAGMILK,EQ,82.45,82.7,INE883N01014
PARAS,EQ,517.7,519.5,INE045601015
PARSVNATH,EQ,7.15,7.1,INE561H01026
PASUPTAC,EQ,28.3,28.4,INE818B01023
PATELENG,EQ,14.8,14.75,INE244B01030
PATINTLOG,EQ,11.9,11.9,INE529D01014
PAYTM,EQ,650.9,652.55,INE982J01020
PCBL,EQ,115.85,115.65,INE602A01031
PCJEWELLER,EQ,26,26,INE785M01013
PDMJEPAPER,EQ,40.45,40.25,INE865T01018
PDSL,EQ,349.8,349.7,INE111Q01021
PEARLPOLY,EQ,20.2,20.2,INE844A01013
PEL,EQ,701.4,701,INE140A01024
PENIND,EQ,77.8,77.8,INE932A01024
PENINLAND,EQ,15.7,15.5,INE138A01028
PERSISTENT,EQ,4391.75,4399,INE262H01013
PETRONET,EQ,227.6,227.75,INE347G01014
PFC,EQ,161.6,161.6,INE134E01011
PFIZER,EQ,3750.1,3755,INE182A01018
PFOCUS,EQ,102.55,99.8,INE367G01038
PFS,EQ,14.15,14.15,INE560K01014
PGEL,EQ,1437.35,1437.3,INE457L01011
PGHH,EQ,14145.9,14080.05,INE179A01014
PGHL,EQ,4859.95,4872,INE199A01012
PGIL,EQ,417.1,417,INE940H01014
PHARMABEES,EQ,12.62,12.63,INF204KC1089
PHOENIXLTD,EQ,1300.2,1300.5,INE211B01039
PIDILITIND,EQ,2350.2,2349.95,INE318A01026
PIIND,EQ,3031.55,3034,INE603J01030
PILANIINVS,EQ,1739.2,1736.05,INE417C01014
PILITA,EQ,7,7,INE600A01035
PIONEEREMB,EQ,33.05,33,INE156C01018
PITTIENG,EQ,303.05,304.5,INE450D01021
PIXTRANS,EQ,799.65,805,INE751B01018
PLASTIBLEN,EQ,163.3,164.3,INE083C01022
PNB,EQ,47.75,47.65,INE160A01022
PNBGILTS,EQ,59,59.1,INE859A01011
PNBHOUSING,EQ,423.45,420,INE572E01012
PNC,EQ,36.7,37,INE392B01011
PNCINFRA,EQ,285.6,286,INE195J01029
POCL,EQ,335.25,335.55,INE063E01046
PODDARHOUS,EQ,131.1,131.1,INE888B01018
PODDARMENT,EQ,275.65,276,INE371C01013
POKARNA,EQ,295.85,295.75,INE637C01025
POLICYBZR,EQ,583.7,584,INE417T01026
POLYCAB,EQ,3084.25,3080,INE455K01017
POLYMED,EQ,931,932,INE205C01021
POLYPLEX,EQ,1260.65,1262.95,INE633B01018
PONNIERODE,EQ,469.35,469,INE838E01017
POONAWALLA,EQ,292.9,293.15,INE511C01022
POWERGRID,EQ,231.2,231.65,INE752E01010
POWERINDIA,EQ,3132.1,3130,INE07Y701011
POWERMECH,EQ,2480.35,2480,INE211R01019
PPAP,EQ,182.1,181.95,INE095I01015
PPL,EQ,154.5,154,INE050001010
PPLPHARMA,EQ,71.5,71.45,INE0DK501011
PRAENG,EQ,12.4,12.5,INE505C01016
PRAJIND,EQ,338.75,339.45,INE074A01025
PRAKASH,EQ,52.15,52.25,INE603A01013
PRAKASHSTL,EQ,4.55,4.6,INE696K01024
PRAXIS,EQ,19.25,19.55,INE546Y01022
PRECAM,EQ,106.5,107,INE484I01029
PRECOT,EQ,184.3,183,INE283A01014
PRECWIRE,EQ,70.85,71.25,INE372C01037
PREMEXPLN,EQ,412.85,411.5,INE863B01011
PREMIERPOL,EQ,81.2,81.05,INE309M01012
PRESSMN,EQ,71.9,72.15,INE980A01023
PRESTIGE,EQ,448.65,449.05,INE811K01011
PRICOLLTD,EQ,229.1,230.35,INE726V01018
PRIMESECU,EQ,113.7,113.6,INE032B01021
PRINCEPIPE,EQ,591.5,593,INE689W01016
PRITI,EQ,168.05,168.9,INE974Z01015
PRITIKAUTO,EQ,15.55,15.5,INE583R01029
PRIVISCL,EQ,1100.2,1095,INE959A01019
PROZONINTU,EQ,23.35,23.6,INE195N01013
PRSMJOHNSN,EQ,113.5,114,INE010A01011
PRUDENT,EQ,819.8,823,INE00F201020
PSB,EQ,27.8,28.15,INE608A01012
PSPPROJECT,EQ,684.3,684.85,INE488V01015
PSUBANKICI,EQ,37.98,37.99,INF109KC10S8
PSUBNKBEES,EQ,42.02,42.05,INF204KB16I7
PTC,EQ,95.6,95.6,INE877F01012
PTL,EQ,32.15,32.25,INE034D01049
PUNJABCHEM,EQ,823.95,834,INE277B01014
PURVA,EQ,79.2,79.3,INE323I01011
PVP,EQ,9.05,9.05,INE362A01016
PVR,EQ,1530.3,1530.25,INE191H01014
QGOLDHALF,EQ,51.7,51.7,INF082J01408
QNIFTY,EQ,1888.97,1889,INF082J01028
QUESS,EQ,369.35,368.75,INE615P01015
QUICKHEAL,EQ,150.8,150.75,INE306L01010
RADHIKAJWE,EQ,151.8,153.45,INE583V01013
RADIANTCMS,EQ,97.95,97.85,INE855R01021
RADICO,EQ,1103.1,1104,INE944F01028
RADIOCITY,EQ,11.5,11.65,INE919I01024
RAILTEL,EQ,104.55,104.6,INE0DD101019
RAIN,EQ,157.7,157.85,INE855B01025
RAINBOW,EQ,761.4,763,INE961O01016
RAJESHEXPO,EQ,585.4,587.95,INE343B01030
RAJMET,EQ,11.55,11.6,INE00KV01022
RAJRATAN,EQ,774.4,775.6,INE451D01029
RAJSREESUG,EQ,39.8,39.75,INE562B01019
RAJTV,EQ,46.8,46.75,INE952H01027
RALLIS,EQ,205.6,204.25,INE613A01020
RAMANEWS,EQ,13,13,INE278B01020
RAMAPHO,EQ,223.4,222,INE809A01024
RAMASTEEL,EQ,31.85,31.9,INE230R01035
RAMCOCEM,EQ,746.5,743.5,INE331A01037
RAMCOIND,EQ,131.35,131.45,INE614A01028
RAMCOSYS,EQ,219.2,219.05,INE246B01019
RAMKY,EQ,332.7,334,INE874I01013
RAMRAT,EQ,197.1,197,INE207E01023
RANASUG,EQ,23.45,23.5,INE625B01014
RANEENGINE,EQ,213.25,212.3,INE222J01013
RANEHOLDIN,EQ,907.8,905,INE384A01010
RATEGAIN,EQ,358.4,359.35,INE0CLI01024
RATNAMANI,EQ,2086.95,2073.65,INE703B01027
RAYMOND,EQ,1308.25,1309,INE301A01014
RBA,EQ,93.7,94.15,INE07T201019
RBL,EQ,673.95,673.95,INE244J01017
RBLBANK,EQ,147.1,148.75,INE976G01028
RCF,EQ,107.4,107.3,INE027A01015
RECLTD,EQ,121.35,121.35,INE020B01018
REDINGTON,EQ,174.85,174.85,INE891D01026
REFEX,EQ,295.2,293,INE056I01017
RELAXO,EQ,815.05,814.85,INE131B01039
RELCHEMQ,EQ,180.15,181,INE750D01016
RELIANCE,EQ,2355.5,2356,INE002A01018
RELIGARE,EQ,144.35,144.2,INE621H01010
RELINFRA,EQ,165.55,163.9,INE036A01016
REMSONSIND,EQ,215.85,214.5,INE474C01015
RENUKA,EQ,46.25,46.25,INE087H01022
REPCOHOME,EQ,189.25,189.05,INE612J01015
REPL,EQ,158.6,158,INE364Z01019
REPRO,EQ,374.7,373.05,INE461B01014
RESPONIND,EQ,131.1,132.45,INE688D01026
REVATHI,EQ,1285.75,1280,INE617A01013
RGL,EQ,85.45,87,INE722H01024
RHFL,EQ,3.6,3.6,INE217K01011
RHIM,EQ,653.1,648.35,INE743M01012
RICOAUTO,EQ,71.3,71.25,INE209B01025
RIIL,EQ,851.7,852,INE046A01015
RITCO,EQ,172.55,170.15,INE01EG01016
RITES,EQ,344.85,344.8,INE320J01015
RKDL,EQ,18.8,18.55,INE722J01012
RKEC,EQ,67.2,67.2,INE786W01010
RKFORGE,EQ,306.75,305.3,INE399G01023
RML,EQ,438.25,438.2,INE050H01012
ROHLTD,EQ,268.65,268.95,INE283H01019
ROLEXRINGS,EQ,1937.85,1940,INE645S01016
ROLLT,EQ,1.1,1.1,INE927A01040
ROML,EQ,41.65,41.75,INE294G01026
ROSSARI,EQ,674.45,674.95,INE02A801020
ROSSELLIND,EQ,256.55,256,INE847C01020
ROTO,EQ,586.1,587.15,INE535D01029
ROUTE,EQ,1270.2,1272,INE450U01017
RPGLIFE,EQ,748,749,INE105J01010
RPOWER,EQ,12.8,12.7,INE614G01033
RPPINFRA,EQ,41.6,41.65,INE324L01013
RPPL,EQ,153.95,153.6,INE760W01015
RPSGVENT,EQ,380.05,380.95,INE425Y01011
RSSOFTWARE,EQ,26.3,26.35,INE165B01029
RSWM,EQ,169.65,170.15,INE611A01016
RSYSTEMS,EQ,256.55,256.6,INE411H01032
RTNINDIA,EQ,38.45,38.3,INE834M01019
RTNPOWER,EQ,3.35,3.35,INE399K01017
RUBYMILLS,EQ,188,187.25,INE301D01026
RUCHIRA,EQ,105.85,105.8,INE803H01014
RUPA,EQ,224.05,224.4,INE895B01021
RUSHIL,EQ,258.4,258.6,INE573K01017
RUSTOMJEE,EQ,455.25,455,INE263M01029
RVHL,EQ,22.15,22.4,INE09E501017
RVNL,EQ,73.55,73.55,INE415G01027
SABEVENTS,EQ,3.6,3.6,INE860T01019
SADBHAV,EQ,10.05,10.05,INE226H01026
SADBHIN,EQ,3.8,3.85,INE764L01010
SAFARI,EQ,2254.25,2248.5,INE429E01023
SAGARDEEP,EQ,22.95,22.8,INE976T01013
SAGCEM,EQ,195.4,195.65,INE229C01021
SAH,EQ,75.25,74.8,INE035801013
SAHYADRI,EQ,376.4,377,INE280H01015
SAIL,EQ,81.55,81.6,INE114A01011
SAKAR,EQ,217.6,215.5,INE732S01012
SAKHTISUG,EQ,23.45,23.45,INE623A01011
SAKSOFT,EQ,158.5,158,INE667G01023
SAKUMA,EQ,11.85,11.75,INE190H01024
SALASAR,EQ,40.8,40.1,INE170V01027
SALONA,EQ,253.95,250.55,INE498E01010
SALSTEEL,EQ,17.6,17.4,INE658G01014
SALZERELEC,EQ,289.65,287.6,INE457F01013
SAMBHAAV,EQ,2.95,2.95,INE699B01027
SANDESH,EQ,917.75,914.25,INE583B01015
SANDHAR,EQ,209.15,210,INE278H01035
SANGAMIND,EQ,238.25,238.25,INE495C01010
SANGHIIND,EQ,68.7,68.5,INE999B01013
SANGHVIMOV,EQ,373.9,377,INE989A01024
SANGINITA,EQ,19,19.15,INE753W01010
SANOFI,EQ,5936.95,5935,INE058A01010
SANSERA,EQ,724,723,INE953O01021
SAPPHIRE,EQ,1191,1192,INE806T01012
SARDAEN,EQ,1145.85,1149.6,INE385C01013
SAREGAMA,EQ,318.25,319.7,INE979A01025
SARLAPOLY,EQ,37.95,37.8,INE453D01025
SARVESHWAR,EQ,77.2,77,INE324X01018
SASKEN,EQ,805.6,806,INE231F01020
SASTASUNDR,EQ,241.1,241.95,INE019J01013
SATIA,EQ,115.7,115.5,INE170E01023
SATIN,EQ,142.05,143,INE836B01017
SATINDLTD,EQ,60.95,60.7,INE065D01027
SBC,EQ,18.2,18.25,INE04AK01028
SBCL,EQ,490.85,490.25,INE386D01027
SBGLP,EQ,185.25,183,INE05ST01010
SBICARD,EQ,758.75,758.7,INE018E01016
SBIETFCON,EQ,73.99,74.1,INF200KA1X17
SBIETFIT,EQ,295.38,295.8,INF200KA1S14
SBIETFPB,EQ,212.97,213.5,INF200KA1S22
SBIETFQLTY,EQ,150.76,151,INF200KA1WX6
SBILIFE,EQ,1130.25,1130,INE123W01016
SBIN,EQ,532.95,533.4,INE062A01020
SCAPDVR,EQ,19.2,19.2,INE224E01036
SCHAEFFLER,EQ,3009.55,3026.1,INE513A01022
SCHAND,EQ,217.5,216.7,INE807K01035
SCHNEIDER,EQ,162.7,162,INE839M01018
SCPL,EQ,654.65,658,INE501Y01019
SDBL,EQ,150.6,151,INE480C01020
SDL24BEES,EQ,112.35,112.35,INF204KB18W4
SDL26BEES,EQ,112.3,112.3,INF204KC1022
SEAMECLTD,EQ,707.5,705,INE497B01018
SECURCRED,EQ,22.75,22.6,INE195Y01010
SECURKLOUD,EQ,32.05,32.75,INE650K01021
SELAN,EQ,267.3,265.8,INE818A01017
SEPC,EQ,9.95,9.95,INE964H01014
SEPOWER,EQ,14.8,14.9,INE735M01018
SEQUENT,EQ,71.5,71.5,INE807F01027
SESHAPAPER,EQ,264.85,265,INE630A01024
SETCO,EQ,7.25,7.25,INE878E01021
SETF10GILT,EQ,212.15,212.15,INF200KA1JT1
SETFGOLD,EQ,53.27,53.3,INF200KA16D8
SETFNIF50,EQ,184.15,184.25,INF200KA1FS1
SETFNIFBK,EQ,421.99,421.8,INF200KA1580
SETFNN50,EQ,404.18,404.14,INF200KA1598
SFL,EQ,1074.4,1064.7,INE916U01025
SGIL,EQ,122.35,123.95,INE00QT01015
SGL,EQ,14.45,14.65,INE353H01010
SHAHALLOYS,EQ,51.1,50.5,INE640C01011
SHAILY,EQ,1050.05,1053.8,INE151G01010
SHAKTIPUMP,EQ,434.75,434.8,INE908D01010
SHALBY,EQ,148.95,148.5,INE597J01018
SHALPAINTS,EQ,148.7,148.55,INE849C01026
SHANKARA,EQ,634.3,633.9,INE274V01019
SHANTI,EQ,15.45,15.3,INE933X01016
SHANTIGEAR,EQ,374.05,374.5,INE631A01022
SHARDACROP,EQ,462.1,461.2,INE221J01015
SHARDAMOTR,EQ,631.45,630,INE597I01028
SHAREINDIA,EQ,1173.6,1165,INE932X01018
SHARIABEES,EQ,395.83,395.72,INF732E01128
SHEMAROO,EQ,118.25,117.1,INE363M01019
SHILPAMED,EQ,254.4,253.9,INE790G01031
SHIVALIK,EQ,798.1,796.15,INE788J01021
SHIVAMAUTO,EQ,26,25.9,INE637H01024
SHIVAMILLS,EQ,72.3,72.05,INE644Y01017
SHIVATEX,EQ,121.45,121.95,INE705C01020
SHK,EQ,104.6,104.5,INE500L01026
SHOPERSTOP,EQ,596.45,596.1,INE498B01024
SHRADHA,EQ,39.1,39.05,INE715Y01023
SHREDIGCEM,EQ,66.45,66.8,INE232A01011
SHREECEM,EQ,25808.2,25822,INE070A01015
SHREEPUSHK,EQ,166.4,166.7,INE712K01011
SHREERAMA,EQ,10.7,10.7,INE879A01019
SHRENIK,EQ,1.1,1.15,INE632X01030
SHREYANIND,EQ,159.1,159.45,INE231C01019
SHREYAS,EQ,295.3,295,INE757B01015
SHRIRAMFIN,EQ,1296.6,1300,INE721A01013
SHRIRAMPPS,EQ,66.2,66.15,INE217L01019
SHYAMCENT,EQ,17.75,17.75,INE979R01011
SHYAMMETL,EQ,291.5,289.95,INE810G01011
SHYAMTEL,EQ,8.8,8.4,INE635A01023
SIEMENS,EQ,3326.5,3326,INE003A01024
SIGACHI,EQ,245,243.5,INE0D0K01014
SIGIND,EQ,35.4,35.85,INE529F01035
SIKKO,EQ,85.85,86,INE112X01017
SILGO,EQ,16.6,16.4,INE01II01013
SILINV,EQ,304.7,304.75,INE923A01015
SILLYMONKS,EQ,17.65,17.55,INE203Y01012
SILVER,EQ,77.41,77.33,INF209KB19F6
SILVERBEES,EQ,74.86,74.9,INF204KC1402
SILVERTUC,EQ,351.85,354.5,INE625X01018
SIMBHALS,EQ,23.95,23.9,INE748T01016
SIMPLEXINF,EQ,37.95,38,INE059B01024
SINTERCOM,EQ,101.4,101.95,INE129Z01016
SIRCA,EQ,606.15,609,INE792Z01011
SIS,EQ,379.35,378,INE285J01028
SITINET,EQ,1.25,1.25,INE965H01011
SIYSIL,EQ,496.55,497,INE076B01028
SJS,EQ,401.35,403.8,INE284S01014
SJVN,EQ,33.2,33.15,INE002L01015
SKFINDIA,EQ,4254.5,4269,INE640A01023
SKIPPER,EQ,101.8,103,INE439E01022
SKMEGGPROD,EQ,139.95,140.25,INE411D01015
SKYGOLD,EQ,332.65,338,INE01IU01018
SMARTLINK,EQ,155.95,156,INE178C01020
SMCGLOBAL,EQ,74.15,74.2,INE103C01036
SMLISUZU,EQ,877.9,879.4,INE294B01019
SMLT,EQ,174.35,172,INE017W01010
SMSLIFE,EQ,555.75,554.25,INE320X01016
SMSPHARMA,EQ,72.1,72.55,INE812G01025
SNOWMAN,EQ,33.1,32.9,INE734N01019
SOBHA,EQ,443.75,444,INE671H01015
SOFTTECH,EQ,144.65,144,INE728Z01015
SOLARA,EQ,374.9,376.4,INE624Z01016
SOLARINDS,EQ,3799.15,3802,INE343H01029
SOMANYCERA,EQ,508.1,509,INE355A01028
SOMICONVEY,EQ,46.5,46.7,INE323J01019
SONACOMS,EQ,444.35,444.25,INE073K01018
SONAMCLOCK,EQ,39.5,39.5,INE00LM01011
SONATSOFTW,EQ,848.65,850.75,INE269A01021
SOTL,EQ,264.9,266,INE035D01020
SOUTHBANK,EQ,15.4,15.4,INE683A01023
SOUTHWEST,EQ,133.25,133,INE980Y01015
SPAL,EQ,327.9,326.5,INE212I01016
SPANDANA,EQ,561.55,560.1,INE572J01011
SPARC,EQ,187.15,187.15,INE232I01014
SPCENET,EQ,18.1,18.1,INE970N01027
SPECIALITY,EQ,211.8,212.5,INE247M01014
SPENCERS,EQ,57.35,57.05,INE020801028
SPIC,EQ,66.05,66,INE147A01011
SPICEJET,EQ,32,32.05,INE285B01017
SPLIL,EQ,62.35,62.85,INE978G01016
SPLPETRO,EQ,372.25,372,INE663A01033
SPMLINFRA,EQ,23.55,23.55,INE937A01023
SPORTKING,EQ,666.65,664.7,INE885H01011
SREEL,EQ,177.3,178,INE099F01013
SRF,EQ,2439.25,2436.1,INE647A01010
SRHHYPOLTD,EQ,512.6,516,INE917H01012
SRPL,EQ,52,51.1,INE008Z01012
SSWL,EQ,159.15,160.05,INE802C01033
STAR,EQ,315,313.9,INE939A01011
STARCEMENT,EQ,115.15,114.9,INE460H01021
STARHEALTH,EQ,601.4,596,INE575P01011
STARPAPER,EQ,163.85,163,INE733A01018
STARTECK,EQ,112.95,115.45,INE992I01013
STCINDIA,EQ,74.65,75.15,INE655A01013
STEELCAS,EQ,479.8,479,INE124E01020
STEELCITY,EQ,63.4,63.7,INE395H01011
STEELXIND,EQ,15.6,15.6,INE503B01021
STEL,EQ,143.05,145.7,INE577L01016
STERTOOLS,EQ,436.55,437,INE334A01023
STLTECH,EQ,161.35,161,INE089C01029
STOVEKRAFT,EQ,387.4,390,INE00IN01015
STYLAMIND,EQ,1045,1040.05,INE239C01020
STYRENIX,EQ,800.35,797.05,INE189B01011
SUBEXLTD,EQ,32.45,32.35,INE754A01055
SUBROS,EQ,299.95,299.55,INE287B01021
SUDARSCHEM,EQ,415.95,417.85,INE659A01023
SUKHJITS,EQ,394.8,394,INE450E01011
SULA,EQ,389.75,387,INE142Q01026
SUMICHEM,EQ,425.15,425.75,INE258G01013
SUMMITSEC,EQ,596.7,595,INE519C01017
SUNCLAYLTD,EQ,3813.55,3800.5,INE105A01035
SUNDARAM,EQ,2.45,2.5,INE108E01023
SUNDARMFIN,EQ,2331.95,2325,INE660A01013
SUNDARMHLD,EQ,83.05,82.6,INE202Z01029
SUNDRMBRAK,EQ,338.65,337.9,INE073D01013
SUNDRMFAST,EQ,995.2,994,INE387A01021
SUNFLAG,EQ,152.45,153.05,INE947A01014
SUNPHARMA,EQ,1003.5,1003.75,INE044A01036
SUNTECK,EQ,296.75,296.5,INE805D01034
SUNTV,EQ,429.05,429.85,INE424H01027
SUPERHOUSE,EQ,235.55,235.4,INE712B01010
SUPERSPIN,EQ,7.3,7.35,INE662A01027
SUPRAJIT,EQ,351.8,350.2,INE399C01030
SUPREMEENG,EQ,1,1,INE319Z01021
SUPREMEIND,EQ,2636.75,2640,INE195A01028
SUPREMEINF,EQ,24.75,24.75,INE550H01011
SUPRIYA,EQ,220.45,221.9,INE07RO01027
SURANASOL,EQ,19.7,19.8,INE272L01022
SURANAT&P,EQ,9.25,9.35,INE130B01031
SURYALAXMI,EQ,50.65,50.5,INE713B01026
SURYAROSNI,EQ,751.1,753.5,INE335A01012
SURYODAY,EQ,100.25,100.2,INE428Q01011
SUTLEJTEX,EQ,44.8,45,INE645H01027
SUULD,EQ,14.35,14.25,INE591Q01016
SUVEN,EQ,56.25,56.05,INE495B01038
SUVENPHAR,EQ,464.9,464.5,INE03QK01018
SUVIDHAA,EQ,4.45,4.45,INE018401013
SUZLON,EQ,8.05,8.05,INE040H01021
SVPGLOB,EQ,9,9,INE308E01029
SWANENERGY,EQ,224.5,227,INE665A01038
SWARAJENG,EQ,1554.75,1553,INE277A01016
SWELECTES,EQ,332.45,334.75,INE409B01013
SWSOLAR,EQ,298.6,298.5,INE00M201021
SYMPHONY,EQ,995.8,998.9,INE225D01027
SYNCOMF,EQ,6.4,6.45,INE312C01025
SYNGENE,EQ,616.15,618.65,INE398R01022
SYRMA,EQ,294.75,294.5,INE0DYJ01015
TAINWALCHM,EQ,108.95,107.45,INE123C01018
TAJGVK,EQ,210,208.55,INE586B01026
TAKE,EQ,16.5,16.5,INE142I01023
TALBROAUTO,EQ,447.8,448.2,INE187D01011
TANLA,EQ,625.4,628,INE483C01032
TARAPUR,EQ,3.4,3.4,INE747K01017
TARC,EQ,46.3,46.5,INE0EK901012
TARMAT,EQ,72.55,72.85,INE924H01018
TARSONS,EQ,570.1,571.05,INE144Z01023
TASTYBITE,EQ,9381.25,9401,INE488B01017
TATACHEM,EQ,1026.15,1025.7,INE092A01019
TATACOFFEE,EQ,209.1,209.1,INE493A01027
TATACOMM,EQ,1266.05,1268,INE151A01013
TATACONSUM,EQ,719.6,718,INE192A01025
TATAELXSI,EQ,6283.5,6270,INE670A01012
TATAINVEST,EQ,2065.45,2065,INE672A01018
TATAMETALI,EQ,769.85,770.5,INE056C01010
TATAMOTORS,EQ,469.5,468.85,INE155A01022
TATAMTRDVR,EQ,235.4,235.4,IN9155A01020
TATAPOWER,EQ,196.3,196.2,INE245A01021
TATASTEEL,EQ,107.5,107.6,INE081A01020
TATASTLLP,EQ,652.95,656,INE674A01014
TATVA,EQ,1647.1,1649.95,INE0GK401011
TBZ,EQ,67.1,66.9,INE760L01018
TCI,EQ,612.45,614.75,INE688A01022
TCIEXP,EQ,1526.55,1530,INE586V01016
TCNSBRANDS,EQ,460.45,460,INE778U01029
TCPLPACK,EQ,1450.2,1463,INE822C01015
TCS,EQ,3188.85,3192,INE467B01029
TDPOWERSYS,EQ,158.25,158.45,INE419M01027
TEAMLEASE,EQ,2190.95,2199,INE985S01024
TECH,EQ,28.93,28.91,INF209KB11D8
TECHIN,EQ,10.25,10.25,INE778A01021
TECHM,EQ,1086.85,1085.8,INE669C01036
TECHNOE,EQ,337.9,339,INE285K01026
TEGA,EQ,699.4,698.8,INE011K01018
TEJASNET,EQ,640.5,643.1,INE010J01012
TEMBO,EQ,191.5,192.85,INE869Y01010
TERASOFT,EQ,36.1,35.7,INE482B01010
TEXINFRA,EQ,52.5,52.6,INE435C01024
TEXMOPIPES,EQ,49.25,49,INE141K01013
TEXRAIL,EQ,45.3,45.2,INE621L01012
TFCILTD,EQ,72.7,72.5,INE305A01015
TFL,EQ,9.7,9.65,INE804H01012
TGBHOTELS,EQ,8.9,9.05,INE797H01018
THANGAMAYL,EQ,1041.05,1044.8,INE085J01014
THEINVEST,EQ,72.15,71.2,INE924D01017
THEMISMED,EQ,1333.35,1340,INE083B01016
THERMAX,EQ,2274.4,2265.55,INE152A01029
THOMASCOOK,EQ,64.2,63.65,INE332A01027
THOMASCOTT,EQ,45.6,45.5,INE480M01011
THYROCARE,EQ,483.2,482.25,INE594H01019
TI,EQ,116.75,117,INE133E01013
TIDEWATER,EQ,864.1,866,INE484C01030
TIIL,EQ,1516.3,1505.05,INE545H01011
TIINDIA,EQ,2598.55,2603,INE974X01010
TIJARIA,EQ,5.25,5.25,INE440L01017
TIMESGTY,EQ,56.15,56.95,INE289C01025
TIMETECHNO,EQ,83.45,83.15,INE508G01029
TIMKEN,EQ,2972.1,2965.25,INE325A01013
TINPLATE,EQ,322.6,321.1,INE422C01014
TIPSFILMS,EQ,418.55,418.5,INE0LQS01015
TIPSINDLTD,EQ,1667.6,1670.25,INE716B01011
TIRUMALCHM,EQ,181.8,182.5,INE338A01024
TIRUPATIFL,EQ,10.45,10.4,INE319Y01024
TITAN,EQ,2585.65,2580,INE280A01028
TMB,EQ,406.35,407.5,INE668A01016
TNIDETF,EQ,53.08,53.5,INF277KA1364
TNPETRO,EQ,77.05,77,INE148A01019
TNPL,EQ,239.3,242,INE107A01015
TOKYOPLAST,EQ,96.1,96.45,INE932C01012
TORNTPHARM,EQ,1577.55,1579.8,INE685A01028
TORNTPOWER,EQ,539,535.55,INE813H01021
TOTAL,EQ,130.65,130.6,INE336X01012
TOUCHWOOD,EQ,206.7,206.7,INE486Y01013
TPLPLASTEH,EQ,29.7,29.75,INE413G01022
TRACXN,EQ,70.15,70.15,INE0HMF01019
TREEHOUSE,EQ,16.6,16.6,INE040M01013
TREJHARA,EQ,56.5,57,INE00CA01015
TRENT,EQ,1361.8,1357.2,INE849A01020
TRF,EQ,164.15,165,INE391D01019
TRIDENT,EQ,31.45,31.45,INE064C01022
TRIGYN,EQ,94.65,94.6,INE948A01012
TRIL,EQ,63.8,63.85,INE763I01026
TRITURBINE,EQ,341.4,340.6,INE152M01016
TRIVENI,EQ,265.8,266.2,INE256C01024
TRU,EQ,56.7,56.5,INE615R01029
TTKHLTCARE,EQ,1288.5,1294,INE910C01018
TTKPRESTIG,EQ,712.75,715.5,INE690A01028
TTL,EQ,77.55,77.25,INE592B01016
TTML,EQ,62.3,62.25,INE517B01013
TV18BRDCST,EQ,30.2,30.15,INE886H01027
TVSELECT,EQ,361.2,361.6,INE236G01019
TVSMOTOR,EQ,1162.95,1161.6,INE494B01023
TVSSRICHAK,EQ,2755.95,2745.9,INE421C01016
TVTODAY,EQ,194.6,194.5,INE038F01029
TVVISION,EQ,2.6,2.6,INE871L01013
TWL,EQ,281.3,281,INE615H01020
UBL,EQ,1387.75,1390.4,INE686F01025
UCALFUEL,EQ,117.95,118.25,INE139B01016
UCOBANK,EQ,26.35,26.4,INE691A01018
UDAICEMENT,EQ,28.25,28.05,INE225C01029
UFLEX,EQ,383.8,384,INE516A01017
UFO,EQ,69.3,70,INE527H01019
UGARSUGAR,EQ,100.35,100.5,INE071E01023
UGROCAP,EQ,155.65,156.4,INE583D01011
UJJIVAN,EQ,257.95,257.5,INE334L01012
UJJIVANSFB,EQ,26.75,26.75,INE551W01018
ULTRACEMCO,EQ,7655.25,7662,INE481G01011
UMAEXPORTS,EQ,42.85,43.2,INE0GIU01018
UMANGDAIRY,EQ,58.7,58.6,INE864B01027
UMESLTD,EQ,4.15,4.35,INE240C01028
UNICHEMLAB,EQ,369.5,367.95,INE351A01035
UNIDT,EQ,228.05,227.15,INE961D01019
UNIENTER,EQ,153.3,153.95,INE037A01022
UNIINFO,EQ,19.7,19.7,INE481Z01011
UNIONBANK,EQ,69.7,69.7,INE692A01016
UNIPARTS,EQ,515.05,514.5,INE244O01017
UNITEDPOLY,EQ,104.1,103.2,INE368U01011
UNITEDTEA,EQ,280.5,280,INE458F01011
UNIVASTU,EQ,84.7,85,INE562X01013
UNIVCABLES,EQ,400.9,399,INE279A01012
UNIVPHOTO,EQ,398.95,399,INE03V001013
UNOMINDA,EQ,501.6,502,INE405E01023
UPL,EQ,737,740,INE628A01036
URJA,EQ,8.1,8.1,INE550C01020
USHAMART,EQ,219.6,219.65,INE228A01035
UTIAMC,EQ,700.45,696.2,INE094J01016
UTIBANKETF,EQ,42.54,42.45,INF789F1AUV1
UTINEXT50,EQ,40.5,40.6,INF789F1AUW9
UTINIFTETF,EQ,1897,1897,INF789FB1X41
UTISENSETF,EQ,640.98,642.55,INF789FB1X58
UTISXN50,EQ,49.09,48.27,INF789F1AUU3
UTTAMSUGAR,EQ,255.65,257.4,INE786F01031
V2RETAIL,EQ,81.65,81.05,INE945H01013
VADILALIND,EQ,2006.15,2010,INE694D01016
VAIBHAVGBL,EQ,306.4,306.8,INE884A01027
VAISHALI,EQ,144.35,144.45,INE972X01014
VAKRANGEE,EQ,16.9,16.95,INE051B01021
VALIANTORG,EQ,464.05,465,INE565V01010
VARDHACRLC,EQ,49.3,49.35,INE116G01013
VARDMNPOLY,EQ,37.4,37.4,INE835A01011
VARROC,EQ,264.1,264,INE665L01035
VASCONEQ,EQ,28.2,28.25,INE893I01013
VASWANI,EQ,21,21.05,INE590L01019
VBL,EQ,1429.55,1426,INE200M01013
VCL,EQ,2.25,2.2,INE098201036
VEDL,EQ,275.7,276,INE205A01025
VENKEYS,EQ,1554.05,1553,INE398A01010
VENUSPIPES,EQ,854.35,848.1,INE0JA001018
VENUSREM,EQ,196.35,196,INE411B01019
VERANDA,EQ,192.05,194.85,INE0IQ001011
VERTOZ,EQ,217,217.1,INE188Y01015
VESUVIUS,EQ,1699.2,1700,INE386A01015
VETO,EQ,86.85,87.5,INE918N01018
VGUARD,EQ,256,256.15,INE951I01027
VHL,EQ,2696.2,2704,INE701A01023
VIDHIING,EQ,368.1,370.9,INE632C01026
VIJAYA,EQ,387.95,387.5,INE043W01024
VIJIFIN,EQ,2.45,2.45,INE159N01027
VIKASECO,EQ,2.75,2.75,INE806A01020
VIKASLIFE,EQ,3.25,3.25,INE161L01027
VIMTALABS,EQ,355.2,355,INE579C01029
VINATIORGA,EQ,2026.85,2024.25,INE410B01037
VINDHYATEL,EQ,1715.4,1730,INE707A01012
VINEETLAB,EQ,48.3,47.3,INE505Y01010
VINYLINDIA,EQ,551.55,550,INE250B01029
VIPCLOTHNG,EQ,44.2,44.3,INE450G01024
VIPIND,EQ,598.15,599,INE054A01027
VIPULLTD,EQ,14.7,14.7,INE946H01037
VISAKAIND,EQ,378.8,376,INE392A01013
VISESHINFO,EQ,0.45,0.5,INE861A01058
VISHAL,EQ,19.2,19.25,INE755Q01025
VISHNU,EQ,285.7,287.2,INE270I01022
VISHWARAJ,EQ,15.5,15.5,INE430N01022
VIVIDHA,EQ,1,1,INE370E01029
VLSFINANCE,EQ,158.45,158,INE709A01018
VMART,EQ,2145.4,2149.7,INE665J01013
VOLTAMP,EQ,2787.35,2791,INE540H01012
VOLTAS,EQ,823.5,823,INE226A01021
VRLLOG,EQ,639.95,637.9,INE366I01010
VSSL,EQ,411,410.9,INE050M01012
VSTIND,EQ,3273.7,3279.75,INE710A01016
VSTTILLERS,EQ,2472.7,2470,INE764D01017
VTL,EQ,308.55,306.75,INE825A01020
WABAG,EQ,354.5,354.5,INE956G01038
WALCHANNAG,EQ,64.75,64.75,INE711A01022
WATERBASE,EQ,67.3,67.7,INE054C01015
WEALTH,EQ,291.9,286,INE658T01017
WEBELSOLAR,EQ,80.75,80.9,INE855C01015
WEIZMANIND,EQ,83.35,83.4,INE080A01014
WEL,EQ,227.05,228,INE02WG01016
WELCORP,EQ,219.75,221,INE191B01025
WELENT,EQ,128.65,128.55,INE625G01013
WELINV,EQ,279.85,279.85,INE389K01018
WELSPUNIND,EQ,81.15,80.4,INE192B01031
WENDT,EQ,8517.55,8520.25,INE274C01019
WESTLIFE,EQ,702.2,702,INE274F01020
WEWIN,EQ,42.65,41.7,INE082W01014
WHEELS,EQ,506.15,507.7,INE715A01015
WHIRLPOOL,EQ,1337.1,1344,INE716A01013
WILLAMAGOR,EQ,18.95,18.65,INE210A01017
WINDLAS,EQ,248.25,249,INE0H5O01029
WINDMACHIN,EQ,40.65,40.75,INE052A01021
WINPRO,EQ,2.6,2.6,INE974C01022
WIPRO,EQ,368.3,367.25,INE075A01022
WOCKPHARMA,EQ,169.7,169.7,INE049B01025
WONDERLA,EQ,441.95,440,INE066O01014
WORTH,EQ,99.1,99.5,INE196Y01018
WSI,EQ,45.6,45.6,INE100D01014
WSTCSTPAPR,EQ,566.4,564.5,INE976A01021
XCHANGING,EQ,57.95,58,INE692G01013
XELPMOC,EQ,115,115,INE01P501012
XPROINDIA,EQ,668.35,669.05,INE445C01015
YAARI,EQ,14.25,14.25,INE126M01010
YESBANK,EQ,15.35,15.25,INE528G01035
YUKEN,EQ,535.55,531.65,INE384C01016
ZEEL,EQ,208.15,208.95,INE256A01028
ZEELEARN,EQ,3.85,3.9,INE565L01011
ZEEMEDIA,EQ,8.8,8.9,INE966H01019
ZENITHSTL,EQ,4.55,4.55,INE318D01020
ZENSARTECH,EQ,280.25,280.65,INE520A01027
ZENTEC,EQ,311.25,310,INE251B01027
ZFCVINDIA,EQ,9983.6,9995,INE342J01019
ZIMLAB,EQ,77.6,77.25,INE518E01015
ZODIAC,EQ,116.2,116.05,INE761Y01019
ZODIACLOTH,EQ,91.3,91.5,INE206B01013
ZOMATO,EQ,53.85,54,INE758T01015
ZOTA,EQ,274.15,274.95,INE358U01012
ZUARI,EQ,132.9,133.45,INE840M01016
ZUARIIND,EQ,123.15,123.6,INE217A01012
ZYDUSLIFE,EQ,503.65,503.25,INE010B01027
ZYDUSWELL,EQ,1545.55,1544,INE768C01010
